UTC Timestamp,id,lat,lon,msgCnt,secMark,speed,size.VehicleSize_width,size.VehicleSize_length
2022-12-19 11:14:31.393210,214,423009761,-836978427,33,31382,232,190,450
2022-12-19 11:14:31.494933,214,423009752,-836978524,34,31484,228,190,450
2022-12-19 11:14:31.597763,214,423009779,-836978548,35,31587,237,190,450
2022-12-19 11:14:31.690737,214,423009761,-836978645,36,31680,234,190,450
2022-12-19 11:14:31.794312,214,423009770,-836978645,37,31783,222,190,450
2022-12-19 11:14:31.904622,214,423009770,-836978754,38,31893,224,190,450
2022-12-19 11:14:31.995057,214,423009788,-836978766,39,31983,216,190,450
2022-12-19 11:14:32.099295,214,423009779,-836978863,40,32087,237,190,450
2022-12-19 11:14:32.190197,214,423009770,-836978960,41,32179,241,190,450
2022-12-19 11:14:32.291161,214,423009779,-836978960,42,32280,233,190,450
2022-12-19 11:14:32.399138,214,423009797,-836978972,43,32387,221,190,450
2022-12-19 11:14:32.488251,214,423009806,-836978984,44,32477,202,190,450
2022-12-19 11:14:32.596158,214,423009815,-836979081,45,32585,233,190,450
2022-12-19 11:14:32.695726,214,423009806,-836979166,46,32685,243,190,450
2022-12-19 11:14:32.795208,214,423009797,-836979251,47,32784,240,190,450
2022-12-19 11:14:32.898856,214,423009788,-836979336,48,32887,243,190,450
2022-12-19 11:14:32.990132,214,423009797,-836979420,49,32979,250,190,450
2022-12-19 11:14:33.099207,214,423009806,-836979433,50,33088,243,190,450
2022-12-19 11:14:33.205787,214,423009797,-836979505,51,33194,261,190,450
2022-12-19 11:14:33.296915,214,423009788,-836979578,52,33285,259,190,450
2022-12-19 11:14:33.398574,214,423009797,-836979663,53,33387,264,190,450
2022-12-19 11:14:33.502006,214,423009797,-836979736,54,33491,270,190,450
2022-12-19 11:14:33.503043,214,423009797,-836979736,55,33493,270,190,450
2022-12-19 11:14:33.584959,214,423009788,-836979820,56,33573,276,190,450
2022-12-19 11:14:33.692576,214,423009788,-836979893,57,33682,281,190,450
2022-12-19 11:14:33.791723,214,423009806,-836979966,58,33781,286,190,450
2022-12-19 11:14:33.897983,214,423009797,-836980038,59,33886,290,190,450
2022-12-19 11:14:33.993610,214,423009797,-836980099,60,33979,292,190,450
2022-12-19 11:14:34.091060,214,423009788,-836980160,61,34080,278,190,450
2022-12-19 11:14:34.199205,214,423009779,-836980281,62,34188,297,190,450
2022-12-19 11:14:34.292620,214,423009779,-836980341,63,34281,293,190,450
2022-12-19 11:14:34.389170,214,423009779,-836980414,64,34378,305,190,450
2022-12-19 11:14:34.503910,214,423009779,-836980523,65,34493,311,190,450
2022-12-19 11:14:34.608887,214,423009788,-836980584,66,34597,310,190,450
2022-12-19 11:14:34.702691,214,423009788,-836980644,67,34692,305,190,450
2022-12-19 11:14:34.801209,214,423009779,-836980741,68,34789,309,190,450
2022-12-19 11:14:34.903779,214,423009779,-836980802,69,34892,308,190,450
2022-12-19 11:14:35.000770,214,423009779,-836980899,70,34989,315,190,450
2022-12-19 11:14:35.099581,214,423009770,-836980996,71,35089,314,190,450
2022-12-19 11:14:35.204020,214,423009770,-836981081,72,35193,317,190,450
2022-12-19 11:14:35.299240,214,423009761,-836981129,73,35288,299,190,450
2022-12-19 11:14:35.409492,214,423009770,-836981178,74,35398,296,190,450
2022-12-19 11:14:35.493884,214,423009770,-836981263,75,35483,299,190,450
2022-12-19 11:14:35.619311,214,423009761,-836981347,76,35608,304,190,450
2022-12-19 11:14:35.805859,214,423009770,-836981469,77,35795,291,190,450
2022-12-19 11:14:35.899343,214,423009770,-836981541,78,35888,298,190,450
2022-12-19 11:14:36.010022,214,423009770,-836981614,79,35998,293,190,450
2022-12-19 11:14:36.097147,214,423009779,-836981662,80,36087,291,190,450
2022-12-19 11:14:36.206961,214,423009779,-836981723,81,36196,291,190,450
2022-12-19 11:14:36.297220,214,423009761,-836981784,82,36286,271,190,450
2022-12-19 11:14:36.398433,214,423009770,-836981893,83,36387,291,190,450
2022-12-19 11:14:36.504737,214,423009770,-836981953,84,36493,292,190,450
2022-12-19 11:14:36.593910,214,423009779,-836982014,85,36583,292,190,450
2022-12-19 11:14:36.809606,214,423009779,-836982159,86,36792,295,190,450
2022-12-19 11:14:36.911932,214,423009770,-836982244,87,36901,292,190,450
2022-12-19 11:14:37.001101,214,423009770,-836982317,88,36990,293,190,450
2022-12-19 11:14:37.101429,214,423009770,-836982365,89,37090,289,190,450
2022-12-19 11:14:37.201709,214,423009770,-836982438,90,37191,282,190,450
2022-12-19 11:14:37.308308,214,423009770,-836982511,91,37297,287,190,450
2022-12-19 11:14:37.400522,214,423009770,-836982547,92,37389,275,190,450
2022-12-19 11:14:37.499856,214,423009761,-836982608,93,37488,268,190,450
2022-12-19 11:14:37.602107,214,423009761,-836982656,94,37591,259,190,450
2022-12-19 11:14:37.697421,214,423009752,-836982729,95,37687,259,190,450
2022-12-19 11:14:37.804445,214,423009761,-836982777,96,37793,247,190,450
2022-12-19 11:14:37.897805,214,423009761,-836982826,97,37886,246,190,450
2022-12-19 11:14:38.003582,214,423009761,-836982887,98,37993,245,190,450
2022-12-19 11:14:38.103914,214,423009752,-836982935,99,38094,243,190,450
2022-12-19 11:14:38.198129,214,423009752,-836982983,100,38187,235,190,450
2022-12-19 11:14:38.308470,214,423009752,-836983032,101,38297,228,190,450
2022-12-19 11:14:38.401320,214,423009752,-836983080,102,38391,223,190,450
2022-12-19 11:14:38.493445,214,423009743,-836983153,103,38483,233,190,450
2022-12-19 11:14:38.597373,214,423009752,-836983177,104,38587,220,190,450
2022-12-19 11:14:38.793649,214,423009743,-836983274,105,38782,214,190,450
2022-12-19 11:14:38.910353,214,423009743,-836983311,106,38900,205,190,450
2022-12-19 11:14:39.002093,214,423009789,-836983266,107,38991,205,190,450
2022-12-19 11:14:39.101253,214,423009789,-836983314,108,39091,207,190,450
2022-12-19 11:14:39.206810,214,423009789,-836983375,109,39197,210,190,450
2022-12-19 11:14:39.306184,214,423009798,-836983484,110,39295,227,190,450
2022-12-19 11:14:39.419008,214,423009798,-836983532,111,39408,225,190,450
2022-12-19 11:14:39.508832,214,423009798,-836983593,112,39498,223,190,450
2022-12-19 11:14:39.607508,214,423009798,-836983593,113,39593,209,190,450
2022-12-19 11:14:39.712539,214,423009798,-836983641,114,39702,200,190,450
2022-12-19 11:14:39.808314,214,423009798,-836983641,115,39797,183,190,450
2022-12-19 11:14:39.912843,214,423009798,-836983690,116,39902,173,190,450
2022-12-19 11:14:40.010755,214,423009798,-836983690,117,39999,156,190,450
2022-12-19 11:14:40.113303,214,423009798,-836983690,118,40102,149,190,450
2022-12-19 11:14:40.207139,214,423009807,-836983738,119,40196,135,190,450
2022-12-19 11:14:40.313413,214,423009798,-836983738,120,40302,130,190,450
2022-12-19 11:14:40.407490,214,423009798,-836983787,121,40397,131,190,450
2022-12-19 11:14:40.508640,214,423009798,-836983787,122,40498,124,190,450
2022-12-19 11:14:40.612136,214,423009798,-836983835,123,40602,124,190,450
2022-12-19 11:14:40.704926,214,423009798,-836983835,124,40694,116,190,450
2022-12-19 11:14:40.811220,214,423009798,-836983835,125,40800,116,190,450
2022-12-19 11:14:40.908113,214,423009798,-836983835,126,40897,108,190,450
2022-12-19 11:14:41.008007,214,423009798,-836983835,127,40997,97,190,450
2022-12-19 11:14:41.106552,214,423009798,-836983884,0,41096,95,190,450
2022-12-19 11:14:41.215273,214,423009798,-836983884,1,41205,88,190,450
2022-12-19 11:14:41.313788,214,423009798,-836983884,2,41303,90,190,450
2022-12-19 11:14:41.404152,214,423009798,-836983932,3,41393,85,190,450
2022-12-19 11:14:41.504106,214,423009798,-836983932,4,41493,77,190,450
2022-12-19 11:14:41.612641,214,423009798,-836983932,5,41602,67,190,450
2022-12-19 11:14:41.714646,214,423009798,-836983932,6,41704,56,190,450
2022-12-19 11:14:41.815672,214,423009798,-836983932,7,41805,0,190,450
2022-12-19 11:14:41.909208,214,423009798,-836983884,8,41898,0,190,450
2022-12-19 11:14:42.015377,214,423009798,-836983884,9,42005,0,190,450
2022-12-19 11:14:42.109366,214,423009798,-836983884,10,42098,0,190,450
2022-12-19 11:14:42.212623,218,423004452,-836985971,114,42202,243,190,450
2022-12-19 11:14:42.213027,214,423009798,-836983884,11,42202,0,190,450
2022-12-19 11:14:42.311085,218,423004506,-836985971,115,42300,245,190,450
2022-12-19 11:14:42.311476,214,423009798,-836983884,12,42300,0,190,450
2022-12-19 11:14:42.412008,218,423004506,-836985971,116,42400,234,190,450
2022-12-19 11:14:42.412345,214,423009798,-836983884,13,42400,0,190,450
2022-12-19 11:14:42.510005,218,423004623,-836985947,117,42499,266,190,450
2022-12-19 11:14:42.510419,214,423009798,-836983884,14,42499,0,190,450
2022-12-19 11:14:42.609468,218,423004677,-836985959,118,42598,273,190,450
2022-12-19 11:14:42.609864,214,423009798,-836983884,15,42599,0,190,450
2022-12-19 11:14:42.712840,218,423004677,-836985959,119,42702,264,190,450
2022-12-19 11:14:42.713184,214,423009798,-836983884,16,42702,0,190,450
2022-12-19 11:14:42.809443,218,423004740,-836985971,120,42798,268,190,450
2022-12-19 11:14:42.809739,214,423009798,-836983884,17,42798,0,190,450
2022-12-19 11:14:42.914826,218,423004803,-836985971,121,42903,274,190,450
2022-12-19 11:14:42.915155,214,423009798,-836983884,18,42904,0,190,450
2022-12-19 11:14:43.005723,218,423004902,-836985959,122,42993,292,190,450
2022-12-19 11:14:43.006017,214,423009798,-836983884,19,42993,0,190,450
2022-12-19 11:14:43.111341,218,423004956,-836985959,123,43100,290,190,450
2022-12-19 11:14:43.111757,214,423009789,-836983835,20,43101,0,190,450
2022-12-19 11:14:43.214602,218,423004956,-836985971,124,43203,273,190,450
2022-12-19 11:14:43.215054,214,423009798,-836983835,21,43204,0,190,450
2022-12-19 11:14:43.312957,218,423005010,-836985971,125,43302,278,190,450
2022-12-19 11:14:43.313364,214,423009798,-836983884,22,43302,0,190,450
2022-12-19 11:14:43.414231,218,423005055,-836985971,126,43403,266,190,450
2022-12-19 11:14:43.414530,214,423009798,-836983884,23,43403,0,190,450
2022-12-19 11:14:43.504260,218,423005109,-836985971,127,43493,274,190,450
2022-12-19 11:14:43.504593,214,423009807,-836983932,24,43493,0,190,450
2022-12-19 11:14:43.614290,218,423005154,-836985959,0,43604,264,190,450
2022-12-19 11:14:43.614615,214,423009807,-836983932,25,43604,0,190,450
2022-12-19 11:14:43.723846,218,423005190,-836985959,1,43713,271,190,450
2022-12-19 11:14:43.724203,214,423009798,-836983932,26,43713,0,190,450
2022-12-19 11:14:43.811199,218,423005244,-836985959,2,43800,263,190,450
2022-12-19 11:14:43.811539,214,423009798,-836983932,27,43801,0,190,450
2022-12-19 11:14:43.926271,218,423005280,-836985959,3,43914,257,190,450
2022-12-19 11:14:43.926635,214,423009789,-836983932,28,43914,0,190,450
2022-12-19 11:14:44.018352,218,423005325,-836985947,4,44007,261,190,450
2022-12-19 11:14:44.018688,214,423009798,-836984017,29,44007,0,190,450
2022-12-19 11:14:44.116443,218,423005370,-836985947,5,44106,255,190,450
2022-12-19 11:14:44.116767,214,423009798,-836984017,30,44106,0,190,450
2022-12-19 11:14:44.218586,218,423005370,-836985959,6,44207,237,190,450
2022-12-19 11:14:44.218961,214,423009798,-836984065,31,44208,0,190,450
2022-12-19 11:14:44.319067,218,423005424,-836985971,7,44308,231,190,450
2022-12-19 11:14:44.319384,214,423009798,-836984065,32,44308,0,190,450
2022-12-19 11:14:44.410832,218,423005433,-836985971,8,44399,213,190,450
2022-12-19 11:14:44.411167,214,423009807,-836984102,33,44400,56,190,450
2022-12-19 11:14:44.510550,218,423005505,-836985971,9,44500,228,190,450
2022-12-19 11:14:44.510897,214,423009807,-836984102,34,44500,57,190,450
2022-12-19 11:14:44.618737,218,423005541,-836985971,10,44607,223,190,450
2022-12-19 11:14:44.619054,214,423009807,-836984150,35,44607,66,190,450
2022-12-19 11:14:44.712016,218,423005595,-836985971,11,44701,239,190,450
2022-12-19 11:14:44.712359,214,423009807,-836984150,36,44701,66,190,450
2022-12-19 11:14:44.817235,218,423005631,-836985983,12,44807,243,190,450
2022-12-19 11:14:44.817624,214,423009798,-836984187,37,44807,74,190,450
2022-12-19 11:14:44.920986,218,423005694,-836985971,13,44910,248,190,450
2022-12-19 11:14:44.921334,214,423009798,-836984223,38,44910,85,190,450
2022-12-19 11:14:45.016231,218,423005739,-836985983,14,45005,248,190,450
2022-12-19 11:14:45.016594,214,423009789,-836984272,39,45005,97,190,450
2022-12-19 11:14:45.217928,218,423005793,-836985995,16,45207,226,190,450
2022-12-19 11:14:45.218254,214,423009798,-836984344,41,45207,102,190,450
2022-12-19 11:14:45.320873,218,423005829,-836985995,17,45310,231,190,450
2022-12-19 11:14:45.321231,214,423009798,-836984381,42,45310,109,190,450
2022-12-19 11:14:45.420698,218,423005847,-836985983,18,45410,218,190,450
2022-12-19 11:14:45.421068,214,423009798,-836984417,43,45410,116,190,450
2022-12-19 11:14:45.517185,218,423005856,-836985995,19,45506,198,190,450
2022-12-19 11:14:45.517685,214,423009798,-836984453,44,45506,123,190,450
2022-12-19 11:14:45.622158,218,423005955,-836985983,20,45611,230,190,450
2022-12-19 11:14:45.622533,214,423009798,-836984453,45,45611,119,190,450
2022-12-19 11:14:45.717261,218,423006009,-836985983,21,45706,237,190,450
2022-12-19 11:14:45.717663,214,423009789,-836984490,46,45706,118,190,450
2022-12-19 11:14:45.823474,218,423006045,-836985983,22,45813,239,190,450
2022-12-19 11:14:45.823852,214,423009789,-836984526,47,45813,110,190,450
2022-12-19 11:14:45.920101,218,423006081,-836985983,23,45909,236,190,450
2022-12-19 11:14:45.920550,214,423009798,-836984562,48,45909,127,190,450
2022-12-19 11:14:46.023187,218,423006135,-836985983,24,46012,239,190,450
2022-12-19 11:14:46.023595,214,423009789,-836984599,49,46012,129,190,450
2022-12-19 11:14:46.116051,218,423006162,-836985983,25,46105,239,190,450
2022-12-19 11:14:46.116392,214,423009789,-836984659,50,46105,150,190,450
2022-12-19 11:14:46.218595,218,423006243,-836985971,26,46207,253,190,450
2022-12-19 11:14:46.218958,214,423009798,-836984720,51,46208,152,190,450
2022-12-19 11:14:46.318188,218,423006297,-836985971,27,46308,255,190,450
2022-12-19 11:14:46.318503,214,423009789,-836984756,52,46308,152,190,450
2022-12-19 11:14:46.412352,218,423006315,-836985959,28,46401,238,190,450
2022-12-19 11:14:46.412707,214,423009789,-836984793,53,46402,150,190,450
2022-12-19 11:14:46.512951,218,423006351,-836985971,29,46503,234,190,450
2022-12-19 11:14:46.513305,214,423009789,-836984841,54,46503,157,190,450
2022-12-19 11:14:46.623263,218,423006396,-836985971,30,46612,235,190,450
2022-12-19 11:14:46.623603,214,423009789,-836984902,55,46612,168,190,450
2022-12-19 11:14:46.719331,218,423006450,-836985971,31,46708,240,190,450
2022-12-19 11:14:46.719652,214,423009789,-836984962,56,46708,180,190,450
2022-12-19 11:14:46.820105,218,423006468,-836985971,32,46809,236,190,450
2022-12-19 11:14:46.820409,214,423009780,-836985023,57,46809,191,190,450
2022-12-19 11:14:46.913313,218,423006522,-836985971,33,46902,238,190,450
2022-12-19 11:14:46.913674,214,423009780,-836985071,58,46902,192,190,450
2022-12-19 11:14:47.014943,218,423006567,-836985971,34,47004,239,190,450
2022-12-19 11:14:47.015252,214,423009780,-836985096,59,47004,186,190,450
2022-12-19 11:14:47.126667,218,423006612,-836985971,35,47115,241,190,450
2022-12-19 11:14:47.127095,214,423009780,-836985156,60,47116,187,190,450
2022-12-19 11:14:47.224576,218,423006648,-836985959,36,47214,241,190,450
2022-12-19 11:14:47.224905,214,423009780,-836985205,61,47214,188,190,450
2022-12-19 11:14:47.319520,218,423006693,-836985959,37,47308,235,190,450
2022-12-19 11:14:47.319841,214,423009771,-836985229,62,47309,183,190,450
2022-12-19 11:14:47.412850,218,423006711,-836985959,38,47402,213,190,450
2022-12-19 11:14:47.413259,214,423009780,-836985302,63,47402,189,190,450
2022-12-19 11:14:47.518089,218,423006738,-836985959,39,47507,212,190,450
2022-12-19 11:14:47.518395,214,423009771,-836985350,64,47507,194,190,450
2022-12-19 11:14:47.620481,218,423006792,-836985959,40,47609,218,190,450
2022-12-19 11:14:47.620810,214,423009771,-836985374,65,47610,181,190,450
2022-12-19 11:14:47.718911,218,423006819,-836985947,41,47708,213,190,450
2022-12-19 11:14:47.719218,214,423009771,-836985459,66,47708,198,190,450
2022-12-19 11:14:47.822372,218,423006855,-836985947,42,47811,210,190,450
2022-12-19 11:14:47.822699,214,423009771,-836985483,67,47811,190,190,450
2022-12-19 11:14:47.919305,218,423006891,-836985947,43,47908,208,190,450
2022-12-19 11:14:47.919663,214,423009771,-836985556,68,47909,207,190,450
2022-12-19 11:14:48.023536,218,423006936,-836985947,44,48013,209,190,450
2022-12-19 11:14:48.023919,214,423009771,-836985593,69,48013,199,190,450
2022-12-19 11:14:48.112079,218,423006954,-836985947,45,48101,194,190,450
2022-12-19 11:14:48.112393,214,423009771,-836985653,70,48102,206,190,450
2022-12-19 11:14:48.212449,218,423006981,-836985947,46,48201,192,190,450
2022-12-19 11:14:48.212782,214,423009771,-836985726,71,48201,220,190,450
2022-12-19 11:14:48.314988,218,423006999,-836985947,47,48304,182,190,450
2022-12-19 11:14:48.315337,214,423009771,-836985811,72,48304,235,190,450
2022-12-19 11:14:48.418944,218,423007017,-836985947,48,48408,171,190,450
2022-12-19 11:14:48.419372,214,423009762,-836985871,73,48408,235,190,450
2022-12-19 11:14:48.534829,218,423007044,-836985959,49,48518,160,190,450
2022-12-19 11:14:48.535133,214,423009771,-836985932,74,48519,235,190,450
2022-12-19 11:14:48.622575,218,423007044,-836985959,50,48611,142,190,450
2022-12-19 11:14:48.622884,214,423009753,-836985886,75,48611,235,190,450
2022-12-19 11:14:48.727570,218,423007062,-836985959,51,48716,140,190,450
2022-12-19 11:14:48.728026,214,423009753,-836985946,76,48716,237,190,450
2022-12-19 11:14:48.827472,218,423007089,-836985959,52,48816,134,190,450
2022-12-19 11:14:48.827938,214,423009744,-836986007,77,48817,237,190,450
2022-12-19 11:14:48.923465,218,423007116,-836985947,53,48912,140,190,450
2022-12-19 11:14:48.923816,214,423009744,-836986068,78,48912,237,190,450
2022-12-19 11:14:49.019567,218,423007143,-836985934,54,49009,137,190,450
2022-12-19 11:14:49.019937,214,423009735,-836986104,79,49009,230,190,450
2022-12-19 11:14:49.124101,218,423007143,-836985947,55,49112,124,190,450
2022-12-19 11:14:49.124460,214,423009753,-836986177,80,49113,238,190,450
2022-12-19 11:14:49.222050,218,423007161,-836985947,56,49211,116,190,450
2022-12-19 11:14:49.222376,214,423009753,-836986237,81,49211,241,190,450
2022-12-19 11:14:49.322988,218,423007161,-836985947,57,49311,103,190,450
2022-12-19 11:14:49.323466,214,423009753,-836986298,82,49311,243,190,450
2022-12-19 11:14:49.421113,218,423007179,-836985947,58,49410,96,190,450
2022-12-19 11:14:49.421618,214,423009753,-836986359,83,49410,244,190,450
2022-12-19 11:14:49.515110,218,423007188,-836985947,59,49504,93,190,450
2022-12-19 11:14:49.515456,214,423009753,-836986420,84,49504,245,190,450
2022-12-19 11:14:49.639460,218,423007197,-836985934,60,49628,90,190,450
2022-12-19 11:14:49.639822,214,423009762,-836986480,85,49628,247,190,450
2022-12-19 11:14:49.724674,218,423007224,-836985934,61,49714,98,190,450
2022-12-19 11:14:49.725006,214,423009762,-836986553,86,49714,252,190,450
2022-12-19 11:14:49.844155,218,423007233,-836985934,62,49833,94,190,450
2022-12-19 11:14:49.844478,214,423009771,-836986614,87,49833,258,190,450
2022-12-19 11:14:49.923542,218,423007251,-836985922,63,49912,83,190,450
2022-12-19 11:14:49.923930,214,423009771,-836986686,88,49913,259,190,450
2022-12-19 11:14:50.032071,218,423007251,-836985922,64,50021,71,190,450
2022-12-19 11:14:50.032394,214,423009771,-836986735,89,50021,258,190,450
2022-12-19 11:14:50.125393,218,423007251,-836985934,65,50115,66,190,450
2022-12-19 11:14:50.133708,214,423009780,-836986808,90,50115,261,190,450
2022-12-19 11:14:50.224702,218,423007251,-836985934,66,50214,58,190,450
2022-12-19 11:14:50.225039,214,423009789,-836986893,91,50214,269,190,450
2022-12-19 11:14:50.329293,218,423007269,-836985947,67,50318,68,190,450
2022-12-19 11:14:50.329664,214,423009789,-836986978,92,50318,282,190,450
2022-12-19 11:14:50.424073,218,423007287,-836985934,68,50413,66,190,450
2022-12-19 11:14:50.424396,214,423009780,-836987026,93,50413,276,190,450
2022-12-19 11:14:50.527059,218,423007296,-836985934,69,50514,61,190,450
2022-12-19 11:14:50.527368,214,423009780,-836987087,94,50515,268,190,450
2022-12-19 11:14:50.624607,218,423007296,-836985934,70,50611,53,190,450
2022-12-19 11:14:50.624969,214,423009789,-836987148,95,50611,270,190,450
2022-12-19 11:14:50.723939,218,423007314,-836985934,71,50713,57,190,450
2022-12-19 11:14:50.724284,214,423009798,-836987233,96,50713,279,190,450
2022-12-19 11:14:50.824232,218,423007332,-836985922,72,50813,69,190,450
2022-12-19 11:14:50.824628,214,423009798,-836987305,97,50813,277,190,450
2022-12-19 11:14:50.929500,218,423007341,-836985922,73,50918,70,190,450
2022-12-19 11:14:50.929852,214,423009789,-836987354,98,50918,277,190,450
2022-12-19 11:14:51.028699,218,423007368,-836985922,74,51018,73,190,450
2022-12-19 11:14:51.029016,214,423009789,-836987427,99,51018,277,190,450
2022-12-19 11:14:51.123395,218,423007377,-836985922,75,51113,73,190,450
2022-12-19 11:14:51.123713,214,423009798,-836987500,100,51113,277,190,450
2022-12-19 11:14:51.221312,218,423007395,-836985922,76,51209,79,190,450
2022-12-19 11:14:51.221698,214,423009807,-836987572,101,51210,279,190,450
2022-12-19 11:14:51.331052,218,423007413,-836985922,77,51320,81,190,450
2022-12-19 11:14:51.331503,214,423009789,-836987633,102,51320,269,190,450
2022-12-19 11:14:51.435065,218,423007422,-836985934,78,51423,78,190,450
2022-12-19 11:14:51.435509,214,423009789,-836987682,103,51423,272,190,450
2022-12-19 11:14:51.525318,218,423007449,-836985922,79,51514,91,190,450
2022-12-19 11:14:51.525683,214,423009798,-836987754,104,51514,277,190,450
2022-12-19 11:14:51.626116,218,423007485,-836985922,80,51615,102,190,450
2022-12-19 11:14:51.626444,214,423009798,-836987839,105,51615,285,190,450
2022-12-19 11:14:51.719636,218,423007512,-836985910,81,51708,113,190,450
2022-12-19 11:14:51.719997,214,423009807,-836987924,106,51708,288,190,450
2022-12-19 11:14:51.843281,218,423007539,-836985922,82,51830,115,190,450
2022-12-19 11:14:51.843661,214,423009807,-836987985,107,51830,291,190,450
2022-12-19 11:14:51.927123,218,423007575,-836985898,83,51915,130,190,450
2022-12-19 11:14:51.927526,214,423009816,-836988082,108,51915,291,190,450
2022-12-19 11:14:52.035213,218,423007629,-836985898,84,52024,153,190,450
2022-12-19 11:14:52.035550,214,423009807,-836988143,109,52025,296,190,450
2022-12-19 11:14:52.121366,218,423007647,-836985910,85,52110,147,190,450
2022-12-19 11:14:52.121703,214,423009807,-836988191,110,52110,293,190,450
2022-12-19 11:14:52.233258,218,423007674,-836985910,86,52222,152,190,450
2022-12-19 11:14:52.233635,214,423009798,-836988264,111,52222,290,190,450
2022-12-19 11:14:52.327350,218,423007719,-836985898,87,52315,163,190,450
2022-12-19 11:14:52.327722,214,423009816,-836988349,112,52315,293,190,450
2022-12-19 11:14:52.427383,218,423007755,-836985886,88,52417,169,190,450
2022-12-19 11:14:52.427700,214,423009807,-836988422,113,52417,294,190,450
2022-12-19 11:14:52.527259,218,423007782,-836985898,89,52516,166,190,450
2022-12-19 11:14:52.527563,214,423009816,-836988519,114,52517,291,190,450
2022-12-19 11:14:52.630826,218,423007818,-836985910,90,52620,171,190,450
2022-12-19 11:14:52.631157,214,423009816,-836988592,115,52620,296,190,450
2022-12-19 11:14:52.730824,218,423007854,-836985922,91,52720,178,190,450
2022-12-19 11:14:52.731189,214,423009816,-836988652,116,52720,298,190,450
2022-12-19 11:14:52.823206,218,423007890,-836985922,92,52812,179,190,450
2022-12-19 11:14:52.823540,214,423009825,-836988713,117,52812,297,190,450
2022-12-19 11:14:52.931197,218,423007935,-836985922,93,52920,188,190,450
2022-12-19 11:14:52.931519,214,423009825,-836988786,118,52920,295,190,450
2022-12-19 11:14:53.036942,218,423008043,-836985898,94,53026,251,190,450
2022-12-19 11:14:53.037326,214,423009816,-836988859,119,53026,293,190,450
2022-12-19 11:14:53.127186,218,423008079,-836985898,95,53116,247,190,450
2022-12-19 11:14:53.127640,214,423009816,-836988944,120,53117,306,190,450
2022-12-19 11:14:53.226979,218,423008106,-836985898,96,53215,231,190,450
2022-12-19 11:14:53.227315,214,423009816,-836989004,121,53215,299,190,450
2022-12-19 11:14:53.338182,218,423008142,-836985886,97,53327,227,190,450
2022-12-19 11:14:53.338502,214,423009834,-836989126,122,53327,317,190,450
2022-12-19 11:14:53.438737,218,423008187,-836985886,98,53428,222,190,450
2022-12-19 11:14:53.439110,214,423009843,-836989198,123,53428,317,190,450
2022-12-19 11:14:53.531542,218,423008232,-836985886,99,53521,229,190,450
2022-12-19 11:14:53.531910,214,423009843,-836989283,124,53521,317,190,450
2022-12-19 11:14:53.630442,218,423008277,-836985898,100,53620,232,190,450
2022-12-19 11:14:53.630819,214,423009843,-836989356,125,53620,317,190,450
2022-12-19 11:14:53.725348,218,423008331,-836985886,101,53715,242,190,450
2022-12-19 11:14:53.725705,214,423009834,-836989380,126,53715,317,190,450
2022-12-19 11:14:53.824210,218,423008376,-836985886,102,53812,248,190,450
2022-12-19 11:14:53.824592,214,423009787,-836989286,127,53813,317,190,450
2022-12-19 11:14:53.923127,218,423008430,-836985898,103,53912,254,190,450
2022-12-19 11:14:53.923446,214,423009778,-836989359,0,53912,317,190,450
2022-12-19 11:14:54.035303,218,423008475,-836985898,104,54025,254,190,450
2022-12-19 11:14:54.035744,214,423009778,-836989432,1,54025,313,190,450
2022-12-19 11:14:54.131401,218,423008520,-836985898,105,54121,254,190,450
2022-12-19 11:14:54.131855,214,423009769,-836989516,2,54121,312,190,450
2022-12-19 11:14:54.231402,218,423008512,-836985944,106,54221,254,190,450
2022-12-19 11:14:54.231756,214,423009769,-836989577,3,54221,307,190,450
2022-12-19 11:14:54.336537,218,423008557,-836985932,107,54326,251,190,450
2022-12-19 11:14:54.336912,214,423009769,-836989650,4,54326,306,190,450
2022-12-19 11:14:54.435871,218,423008593,-836985920,108,54423,254,190,450
2022-12-19 11:14:54.436251,214,423009760,-836989710,5,54423,303,190,450
2022-12-19 11:14:54.529494,218,423008656,-836985932,109,54519,263,190,450
2022-12-19 11:14:54.529858,214,423009760,-836989795,6,54519,303,190,450
2022-12-19 11:14:54.640645,218,423008719,-836985932,110,54630,271,190,450
2022-12-19 11:14:54.640984,214,423009751,-836989868,7,54630,301,190,450
2022-12-19 11:14:54.739150,218,423008773,-836985932,111,54728,277,190,450
2022-12-19 11:14:54.739533,214,423009751,-836989928,8,54729,299,190,450
2022-12-19 11:14:54.835548,218,423008836,-836985944,112,54824,287,190,450
2022-12-19 11:14:54.835921,214,423009751,-836990013,9,54824,303,190,450
2022-12-19 11:14:54.940834,218,423008898,-836985944,113,54929,293,190,450
2022-12-19 11:14:54.941247,214,423009751,-836990074,10,54930,304,190,450
2022-12-19 11:14:55.031297,218,423008952,-836985932,114,55021,299,190,450
2022-12-19 11:14:55.031637,214,423009751,-836990147,11,55021,299,190,450
2022-12-19 11:14:55.129417,218,423009015,-836985932,115,55118,309,190,450
2022-12-19 11:14:55.137754,214,423009742,-836990231,12,55118,302,190,450
2022-12-19 11:14:55.237083,218,423009041,-836985910,116,55226,309,190,450
2022-12-19 11:14:55.237489,214,423009742,-836990304,13,55226,302,190,450
2022-12-19 11:14:55.337436,218,423009104,-836985910,117,55326,309,190,450
2022-12-19 11:14:55.337786,214,423009742,-836990389,14,55326,319,190,450
2022-12-19 11:14:55.441578,218,423009167,-836985922,118,55430,313,190,450
2022-12-19 11:14:55.441956,214,423009742,-836990462,15,55431,309,190,450
2022-12-19 11:14:55.533562,218,423009230,-836985934,119,55522,323,190,450
2022-12-19 11:14:55.533898,214,423009751,-836990510,16,55523,293,190,450
2022-12-19 11:14:55.653980,218,423009302,-836985946,120,55642,325,190,450
2022-12-19 11:14:55.654350,214,423009751,-836990571,17,55642,289,190,450
2022-12-19 11:14:55.740098,218,423009374,-836985958,121,55729,339,190,450
2022-12-19 11:14:55.740557,214,423009751,-836990643,18,55730,292,190,450
2022-12-19 11:14:55.832723,218,423009437,-836985958,122,55821,340,190,450
2022-12-19 11:14:55.833075,214,423009751,-836990704,19,55821,288,190,450
2022-12-19 11:14:55.939284,218,423009509,-836985958,123,55929,345,190,450
2022-12-19 11:14:55.939610,214,423009751,-836990777,20,55929,287,190,450
2022-12-19 11:14:56.030408,218,423009573,-836985971,124,56019,345,190,450
2022-12-19 11:14:56.030730,214,423009751,-836990837,21,56019,290,190,450
2022-12-19 11:14:56.138635,218,423009645,-836985971,125,56128,350,190,450
2022-12-19 11:14:56.138954,214,423009760,-836990910,22,56128,288,190,450
2022-12-19 11:14:56.251623,218,423009708,-836985971,126,56237,354,190,450
2022-12-19 11:14:56.251976,214,423009751,-836990995,23,56237,298,190,450
2022-12-19 11:14:56.341459,218,423009780,-836985971,127,56330,349,190,450
2022-12-19 11:14:56.341804,214,423009760,-836991068,24,56330,295,190,450
2022-12-19 11:14:56.434846,218,423009852,-836985983,0,56424,359,190,450
2022-12-19 11:14:56.435227,214,423009751,-836991128,25,56424,291,190,450
2022-12-19 11:14:56.543008,218,423009915,-836985995,1,56532,367,190,450
2022-12-19 11:14:56.543325,214,423009760,-836991189,26,56532,281,190,450
2022-12-19 11:14:56.639338,218,423009987,-836985995,2,56628,367,190,450
2022-12-19 11:14:56.639697,214,423009760,-836991237,27,56629,276,190,450
2022-12-19 11:14:56.738371,218,423010059,-836985995,3,56728,364,190,450
2022-12-19 11:14:56.738752,214,423009760,-836991310,28,56728,275,190,450
2022-12-19 11:14:56.837040,218,423010167,-836986007,4,56826,408,190,450
2022-12-19 11:14:56.837465,214,423009760,-836991370,29,56826,269,190,450
2022-12-19 11:14:56.930467,218,423010239,-836986007,5,56920,396,190,450
2022-12-19 11:14:56.930901,214,423009751,-836991419,30,56920,261,190,450
2022-12-19 11:14:57.035424,218,423010294,-836986007,6,57025,380,190,450
2022-12-19 11:14:57.035809,214,423009751,-836991443,31,57025,251,190,450
2022-12-19 11:14:57.133362,218,423010348,-836986007,7,57121,376,190,450
2022-12-19 11:14:57.133736,214,423009742,-836991504,32,57122,243,190,450
2022-12-19 11:14:57.229996,218,423010420,-836986019,8,57218,380,190,450
2022-12-19 11:14:57.230328,214,423009742,-836991528,33,57218,228,190,450
2022-12-19 11:14:57.340861,218,423010501,-836986031,9,57328,387,190,450
2022-12-19 11:14:57.341192,214,423009742,-836991576,34,57328,219,190,450
2022-12-19 11:14:57.428792,218,423010582,-836986031,10,57418,394,190,450
2022-12-19 11:14:57.429156,214,423009733,-836991613,35,57418,205,190,450
2022-12-19 11:14:57.537053,218,423010654,-836986031,11,57526,394,190,450
2022-12-19 11:14:57.537454,214,423009733,-836991637,36,57526,198,190,450
2022-12-19 11:14:57.644137,218,423010726,-836986031,12,57633,393,190,450
2022-12-19 11:14:57.644475,214,423009724,-836991661,37,57633,180,190,450
2022-12-19 11:14:57.744152,218,423010789,-836986043,13,57734,396,190,450
2022-12-19 11:14:57.744488,214,423009724,-836991698,38,57734,173,190,450
2022-12-19 11:14:57.841192,218,423010915,-836986043,14,57830,436,190,450
2022-12-19 11:14:57.841687,214,423009715,-836991722,39,57830,172,190,450
2022-12-19 11:14:57.934610,218,423010988,-836986055,15,57924,428,190,450
2022-12-19 11:14:57.934964,214,423009697,-836991782,40,57925,177,190,450
2022-12-19 11:14:58.037897,218,423011051,-836986055,16,58028,415,190,450
2022-12-19 11:14:58.038231,214,423009679,-836991831,41,58028,183,190,450
2022-12-19 11:14:58.135071,218,423011105,-836986055,17,58124,407,190,450
2022-12-19 11:14:58.135435,214,423009670,-836991855,42,58124,183,190,450
2022-12-19 11:14:58.236011,218,423011195,-836986068,18,58225,407,190,450
2022-12-19 11:14:58.236358,214,423009652,-836991879,43,58225,179,190,450
2022-12-19 11:14:58.343442,218,423011258,-836986055,19,58333,401,190,450
2022-12-19 11:14:58.343760,214,423009634,-836991940,44,58333,191,190,450
2022-12-19 11:14:58.446651,218,423011321,-836986055,20,58436,401,190,450
2022-12-19 11:14:58.447047,214,423009616,-836992001,45,58436,194,190,450
2022-12-19 11:14:58.538194,218,423011382,-836986182,21,58528,401,190,450
2022-12-19 11:14:58.538622,214,423009589,-836992025,46,58528,192,190,450
2022-12-19 11:14:58.641189,218,423011445,-836986158,22,58630,389,190,450
2022-12-19 11:14:58.641663,214,423009562,-836992085,47,58630,196,190,450
2022-12-19 11:14:58.736367,218,423011571,-836986134,23,58726,437,190,450
2022-12-19 11:14:58.736766,214,423009526,-836992134,48,58726,205,190,450
2022-12-19 11:14:58.843464,218,423011661,-836986110,24,58833,448,190,450
2022-12-19 11:14:58.843792,214,423009499,-836992158,49,58834,197,190,450
2022-12-19 11:14:58.938820,218,423011742,-836986098,25,58928,451,190,450
2022-12-19 11:14:58.939231,214,423009472,-836992182,50,58928,199,190,450
2022-12-19 11:14:59.041156,218,423011832,-836986073,26,59031,452,190,450
2022-12-19 11:14:59.041569,214,423009453,-836992219,51,59031,188,190,450
2022-12-19 11:14:59.136443,218,423011904,-836986061,27,59126,449,190,450
2022-12-19 11:14:59.136801,214,423009426,-836992231,52,59126,189,190,450
2022-12-19 11:14:59.240752,218,423011994,-836986037,28,59229,445,190,450
2022-12-19 11:14:59.241109,214,423009408,-836992231,53,59230,178,190,450
2022-12-19 11:14:59.347142,218,423012057,-836986037,29,59337,443,190,450
2022-12-19 11:14:59.347527,214,423009363,-836992279,54,59337,183,190,450
2022-12-19 11:14:59.437812,218,423012138,-836986037,30,59426,436,190,450
2022-12-19 11:14:59.438164,214,423009345,-836992267,55,59426,175,190,450
2022-12-19 11:14:59.539343,218,423012210,-836986025,31,59529,430,190,450
2022-12-19 11:14:59.539706,214,423009318,-836992304,56,59529,171,190,450
2022-12-19 11:14:59.644938,218,423012273,-836986037,32,59634,425,190,450
2022-12-19 11:14:59.645372,214,423009291,-836992328,57,59635,169,190,450
2022-12-19 11:14:59.743607,218,423012363,-836986025,33,59732,427,190,450
2022-12-19 11:14:59.743964,214,423009273,-836992316,58,59733,159,190,450
2022-12-19 11:14:59.848256,218,423012426,-836986037,34,59838,421,190,450
2022-12-19 11:14:59.848631,214,423009255,-836992304,59,59838,148,190,450
2022-12-19 11:14:59.947485,218,423012453,-836986025,35,59935,386,190,450
2022-12-19 11:14:59.947846,214,423009237,-836992291,60,59935,143,190,450
2022-12-19 11:15:00.058054,218,423012516,-836986025,36,46,370,190,450
2022-12-19 11:15:00.058428,214,423009210,-836992279,61,46,137,190,450
2022-12-19 11:15:00.150601,218,423012606,-836986013,37,139,399,190,450
2022-12-19 11:15:00.159207,214,423009183,-836992304,62,139,138,190,450
2022-12-19 11:15:00.251326,218,423012669,-836985988,38,241,389,190,450
2022-12-19 11:15:00.251690,214,423009147,-836992328,63,241,144,190,450
2022-12-19 11:15:00.347387,218,423012768,-836985976,39,337,417,190,450
2022-12-19 11:15:00.347740,214,423009120,-836992316,64,337,145,190,450
2022-12-19 11:15:00.439687,218,423012884,-836985964,40,429,445,190,450
2022-12-19 11:15:00.440061,214,423009075,-836992279,65,429,155,190,450
2022-12-19 11:15:00.539752,218,423012992,-836985928,41,529,447,190,450
2022-12-19 11:15:00.540120,214,423009039,-836992255,66,530,162,190,450
2022-12-19 11:15:00.647910,218,423013073,-836985916,42,636,445,190,450
2022-12-19 11:15:00.648235,214,423009012,-836992291,67,636,157,190,450
2022-12-19 11:15:00.747733,218,423013154,-836985891,43,737,454,190,450
2022-12-19 11:15:00.748102,214,423008994,-836992231,68,737,154,190,450
2022-12-19 11:15:00.849559,218,423013235,-836985867,44,839,448,190,450
2022-12-19 11:15:00.849990,214,423008976,-836992219,69,839,144,190,450
2022-12-19 11:15:00.935548,218,423013289,-836985867,45,926,445,190,450
2022-12-19 11:15:00.935874,214,423008958,-836992195,70,926,146,190,450
2022-12-19 11:15:01.042798,218,423013415,-836985819,46,1032,443,190,450
2022-12-19 11:15:01.043127,214,423008940,-836992182,71,1032,137,190,450
2022-12-19 11:15:01.152366,218,423013469,-836985806,47,1141,420,190,450
2022-12-19 11:15:01.152710,214,423008913,-836992170,72,1142,140,190,450
2022-12-19 11:15:01.242742,218,423013514,-836985794,48,1232,419,190,450
2022-12-19 11:15:01.243103,214,423008895,-836992158,73,1232,132,190,450
2022-12-19 11:15:01.337328,218,423013577,-836985794,49,1326,412,190,450
2022-12-19 11:15:01.337691,214,423008868,-836992146,74,1327,140,190,450
2022-12-19 11:15:01.444696,218,423013631,-836985782,50,1434,413,190,450
2022-12-19 11:15:01.445018,214,423008859,-836992085,75,1434,138,190,450
2022-12-19 11:15:01.538925,218,423013730,-836985746,51,1528,420,190,450
2022-12-19 11:15:01.539357,214,423008850,-836992037,76,1529,140,190,450
2022-12-19 11:15:01.647971,218,423013793,-836985734,52,1637,418,190,450
2022-12-19 11:15:01.648334,214,423008841,-836991976,77,1637,146,190,450
2022-12-19 11:15:01.747838,218,423013892,-836985685,53,1738,423,190,450
2022-12-19 11:15:01.748160,214,423008850,-836991928,78,1738,151,190,450
2022-12-19 11:15:01.850479,218,423013946,-836985673,54,1840,423,190,450
2022-12-19 11:15:01.850824,214,423008841,-836991879,79,1840,158,190,450
2022-12-19 11:15:01.950973,218,423014018,-836985661,55,1939,417,190,450
2022-12-19 11:15:01.951416,214,423008850,-836991795,80,1939,166,190,450
2022-12-19 11:15:02.047391,218,423014072,-836985637,56,2037,391,190,450
2022-12-19 11:15:02.047763,214,423008832,-836991782,81,2037,159,190,450
2022-12-19 11:15:02.143388,218,423014189,-836985576,57,2132,415,190,450
2022-12-19 11:15:02.143828,214,423008832,-836991734,82,2133,155,190,450
2022-12-19 11:15:02.243355,218,423014252,-836985552,58,2232,413,190,450
2022-12-19 11:15:02.243716,214,423008805,-836991722,83,2233,163,190,450
2022-12-19 11:15:02.349196,218,423014315,-836985527,59,2339,425,190,450
2022-12-19 11:15:02.349577,214,423008796,-836991673,84,2339,172,190,450
2022-12-19 11:15:02.458764,218,423014378,-836985491,60,2447,429,190,450
2022-12-19 11:15:02.459109,214,423008796,-836991589,85,2448,185,190,450
2022-12-19 11:15:02.538635,218,423014504,-836985430,61,2528,429,190,450
2022-12-19 11:15:02.539001,214,423008805,-836991504,86,2528,193,190,450
2022-12-19 11:15:02.645635,218,423014585,-836985406,62,2635,444,190,450
2022-12-19 11:15:02.646010,214,423008796,-836991504,87,2635,186,190,450
2022-12-19 11:15:02.746289,214,423008805,-836991419,88,2735,193,190,450
2022-12-19 11:15:02.846024,214,423008805,-836991383,89,2836,184,190,450
2022-12-19 11:15:02.943123,214,423008805,-836991346,90,2933,188,190,450
2022-12-19 11:15:03.040717,214,423008814,-836991310,91,3030,178,190,450
2022-12-19 11:15:03.144136,214,423008823,-836991249,92,3134,189,190,450
2022-12-19 11:15:03.243655,214,423008832,-836991213,93,3234,184,190,450
2022-12-19 11:15:03.339705,214,423008841,-836991152,94,3330,198,190,450
2022-12-19 11:15:03.447025,214,423008841,-836991116,95,3436,193,190,450
2022-12-19 11:15:03.546713,214,423008859,-836991055,96,3536,195,190,450
2022-12-19 11:15:03.650386,214,423008859,-836991031,97,3640,192,190,450
2022-12-19 11:15:03.744397,214,423008877,-836990946,98,3734,205,190,450
2022-12-19 11:15:03.841548,214,423008886,-836990862,99,3831,235,190,450
2022-12-19 11:15:03.944067,214,423008904,-836990777,100,3934,244,190,450
2022-12-19 11:15:04.050778,214,423008913,-836990704,101,4040,249,190,450
2022-12-19 11:15:04.143468,214,423008913,-836990643,102,4133,251,190,450
2022-12-19 11:15:04.242569,214,423008931,-836990571,103,4232,257,190,450
2022-12-19 11:15:04.340558,214,423008940,-836990498,104,4330,259,190,450
2022-12-19 11:15:04.450854,214,423008940,-836990449,105,4441,257,190,450
2022-12-19 11:15:04.549407,214,423008940,-836990401,106,4539,252,190,450
2022-12-19 11:15:04.646719,214,423008940,-836990377,107,4636,228,190,450
2022-12-19 11:15:04.750185,214,423008949,-836990292,108,4740,244,190,450
2022-12-19 11:15:04.848624,214,423008940,-836990268,109,4838,233,190,450
2022-12-19 11:15:04.953339,214,423008949,-836990183,110,4942,246,190,450
2022-12-19 11:15:05.059172,214,423008958,-836990147,111,5048,232,190,450
2022-12-19 11:15:05.148323,214,423008958,-836990086,112,5138,237,190,450
2022-12-19 11:15:05.249954,214,423008949,-836990062,113,5241,219,190,450
2022-12-19 11:15:05.366632,214,423008967,-836989953,114,5356,246,190,450
2022-12-19 11:15:05.453988,214,423008967,-836989916,115,5443,238,190,450
2022-12-19 11:15:05.559140,214,423008967,-836989831,116,5548,255,190,450
2022-12-19 11:15:05.649610,214,423008976,-836989747,117,5640,262,190,450
2022-12-19 11:15:05.763347,214,423008976,-836989698,118,5751,254,190,450
2022-12-19 11:15:05.853170,214,423008985,-836989638,119,5843,257,190,450
2022-12-19 11:15:05.946345,214,423008976,-836989589,120,5936,251,190,450
2022-12-19 11:15:06.050893,214,423008976,-836989541,121,6041,240,190,450
2022-12-19 11:15:06.151359,214,423008985,-836989492,122,6139,234,190,450
2022-12-19 11:15:06.264701,214,423008994,-836989432,123,6255,231,190,450
2022-12-19 11:15:06.365860,214,423008985,-836989407,124,6355,215,190,450
2022-12-19 11:15:06.454529,214,423008985,-836989371,125,6444,206,190,450
2022-12-19 11:15:06.549596,214,423008994,-836989335,126,6539,202,190,450
2022-12-19 11:15:06.651825,214,423009003,-836989310,127,6642,179,190,450
2022-12-19 11:15:06.752885,214,423009003,-836989262,0,6743,181,190,450
2022-12-19 11:15:06.851470,214,423009003,-836989250,1,6842,163,190,450
2022-12-19 11:15:06.950473,214,423009003,-836989213,2,6941,162,190,450
2022-12-19 11:15:07.049377,214,423008994,-836989213,3,7039,144,190,450
2022-12-19 11:15:07.146288,214,423009003,-836989153,4,7135,159,190,450
2022-12-19 11:15:07.257220,214,423009003,-836989129,5,7247,149,190,450
2022-12-19 11:15:07.353511,214,423009003,-836989068,6,7342,159,190,450
2022-12-19 11:15:07.454735,214,423008994,-836989044,7,7444,153,190,450
2022-12-19 11:15:07.545542,214,423009003,-836989007,8,7535,153,190,450
2022-12-19 11:15:07.651531,214,423009003,-836988971,9,7641,153,190,450
2022-12-19 11:15:07.750959,214,423009003,-836988935,10,7741,153,190,450
2022-12-19 11:15:07.850457,214,423009003,-836988898,11,7840,153,190,450
2022-12-19 11:15:07.958663,214,423009003,-836988862,12,7947,153,190,450
2022-12-19 11:15:09.263411,221,423008987,-836989065,25,9254,0,190,450
2022-12-19 11:15:09.355454,221,423008978,-836988968,26,9345,101,190,450
2022-12-19 11:15:09.457979,221,423008978,-836988968,27,9448,81,190,450
2022-12-19 11:15:09.561907,221,423008978,-836988968,28,9552,61,190,450
2022-12-19 11:15:09.663820,221,423008978,-836988968,29,9654,0,190,450
2022-12-19 11:15:09.751387,221,423008987,-836988968,30,9741,0,190,450
2022-12-19 11:15:09.849796,221,423008987,-836988968,31,9840,0,190,450
2022-12-19 11:15:09.968470,221,423008987,-836988968,32,9958,0,190,450
2022-12-19 11:15:10.061226,221,423008987,-836988968,33,10051,0,190,450
2022-12-19 11:15:10.186427,221,423008978,-836988919,34,10166,0,190,450
2022-12-19 11:15:10.262682,221,423008969,-836988883,35,10252,53,190,450
2022-12-19 11:15:10.350643,221,423008969,-836988834,36,10340,67,190,450
2022-12-19 11:15:10.462769,221,423008978,-836988822,37,10453,71,190,450
2022-12-19 11:15:10.557927,221,423008978,-836988822,38,10547,69,190,450
2022-12-19 11:15:10.662663,221,423008978,-836988786,39,10652,76,190,450
2022-12-19 11:15:10.751850,221,423008978,-836988774,40,10742,77,190,450
2022-12-19 11:15:10.857584,221,423008969,-836988737,41,10847,73,190,450
2022-12-19 11:15:10.952681,221,423008987,-836988725,42,10941,80,190,450
2022-12-19 11:15:11.049448,221,423008987,-836988677,43,11039,91,190,450
2022-12-19 11:15:11.167217,221,423008987,-836988677,44,11154,92,190,450
2022-12-19 11:15:11.254235,221,423008987,-836988628,45,11244,98,190,450
2022-12-19 11:15:11.354482,221,423008978,-836988555,46,11344,120,190,450
2022-12-19 11:15:11.457498,221,423008978,-836988507,47,11448,124,190,450
2022-12-19 11:15:11.564182,221,423008978,-836988470,48,11554,130,190,450
2022-12-19 11:15:11.659342,221,423008978,-836988434,49,11649,136,190,450
2022-12-19 11:15:11.759229,220,423014099,-836987359,18,11748,229,190,450
2022-12-19 11:15:11.759557,221,423008978,-836988385,50,11748,146,190,450
2022-12-19 11:15:11.864877,220,423014081,-836987335,19,11855,222,190,450
2022-12-19 11:15:11.865208,221,423008987,-836988337,51,11855,151,190,450
2022-12-19 11:15:11.964749,220,423014063,-836987311,20,11955,213,190,450
2022-12-19 11:15:11.965110,221,423008987,-836988300,52,11955,154,190,450
2022-12-19 11:15:12.060382,220,423014045,-836987286,21,12050,202,190,450
2022-12-19 11:15:12.060672,221,423008987,-836988264,53,12050,159,190,450
2022-12-19 11:15:12.160582,220,423014027,-836987262,22,12149,198,190,450
2022-12-19 11:15:12.160875,221,423008987,-836988215,54,12150,162,190,450
2022-12-19 11:15:12.262978,220,423013964,-836987250,23,12253,203,190,450
2022-12-19 11:15:12.263318,221,423008987,-836988155,55,12253,166,190,450
2022-12-19 11:15:12.360323,220,423013901,-836987226,24,12349,221,190,450
2022-12-19 11:15:12.360669,221,423008987,-836988118,56,12349,175,190,450
2022-12-19 11:15:12.458792,220,423013883,-836987201,25,12448,227,190,450
2022-12-19 11:15:12.459140,221,423008987,-836988046,57,12449,187,190,450
2022-12-19 11:15:12.566597,220,423013820,-836987177,26,12556,236,190,450
2022-12-19 11:15:12.566930,221,423008987,-836987985,58,12557,194,190,450
2022-12-19 11:15:12.664717,220,423013766,-836987177,27,12655,228,190,450
2022-12-19 11:15:12.665066,221,423008987,-836987948,59,12655,193,190,450
2022-12-19 11:15:12.773747,220,423013748,-836987153,28,12762,230,190,450
2022-12-19 11:15:12.774079,221,423008987,-836987888,60,12762,200,190,450
2022-12-19 11:15:12.856043,220,423013685,-836987129,29,12846,243,190,450
2022-12-19 11:15:12.856391,221,423008996,-836987815,61,12846,202,190,450
2022-12-19 11:15:12.966927,220,423013640,-836987116,30,12957,236,190,450
2022-12-19 11:15:12.967260,221,423008996,-836987779,62,12957,205,190,450
2022-12-19 11:15:13.066598,220,423013586,-836987104,31,13056,233,190,450
2022-12-19 11:15:13.066911,221,423008996,-836987694,63,13056,211,190,450
2022-12-19 11:15:13.162459,220,423013541,-836987116,32,13152,244,190,450
2022-12-19 11:15:13.162790,221,423008987,-836987645,64,13152,217,190,450
2022-12-19 11:15:13.273752,220,423013487,-836987092,33,13263,259,190,450
2022-12-19 11:15:13.274032,221,423008987,-836987572,65,13264,230,190,450
2022-12-19 11:15:13.368498,220,423013442,-836987092,34,13358,253,190,450
2022-12-19 11:15:13.368839,221,423008987,-836987512,66,13358,231,190,450
2022-12-19 11:15:13.464927,220,423013361,-836987092,35,13455,276,190,450
2022-12-19 11:15:13.465236,221,423008996,-836987427,67,13455,249,190,450
2022-12-19 11:15:13.569727,220,423013316,-836987080,36,13559,273,190,450
2022-12-19 11:15:13.570052,221,423008996,-836987390,68,13559,238,190,450
2022-12-19 11:15:13.662932,220,423013271,-836987080,37,13652,264,190,450
2022-12-19 11:15:13.663220,221,423008996,-836987281,69,13652,258,190,450
2022-12-19 11:15:13.779064,220,423013226,-836987056,38,13763,269,190,450
2022-12-19 11:15:13.779394,221,423008996,-836987257,70,13763,246,190,450
2022-12-19 11:15:13.866630,220,423013154,-836987056,39,13856,271,190,450
2022-12-19 11:15:13.866965,221,423009005,-836987196,71,13856,245,190,450
2022-12-19 11:15:13.970244,220,423013118,-836987056,40,13960,267,190,450
2022-12-19 11:15:13.970562,221,423009005,-836987123,72,13960,247,190,450
2022-12-19 11:15:14.065603,220,423013046,-836987056,41,14056,285,190,450
2022-12-19 11:15:14.065904,221,423009005,-836987063,73,14056,250,190,450
2022-12-19 11:15:14.165179,220,423013010,-836987044,42,14155,280,190,450
2022-12-19 11:15:14.165542,221,423009005,-836987002,74,14155,248,190,450
2022-12-19 11:15:14.262303,220,423012920,-836987056,43,14251,293,190,450
2022-12-19 11:15:14.262600,221,423009005,-836986941,75,14251,252,190,450
2022-12-19 11:15:14.369331,220,423012884,-836987056,44,14359,294,190,450
2022-12-19 11:15:14.369658,221,423009005,-836986881,76,14359,254,190,450
2022-12-19 11:15:14.470069,220,423012804,-836987068,45,14459,298,190,450
2022-12-19 11:15:14.470401,221,423009005,-836986735,77,14459,300,190,450
2022-12-19 11:15:14.557521,220,423012750,-836987068,46,14548,304,190,450
2022-12-19 11:15:14.557961,221,423009014,-836986674,78,14548,293,190,450
2022-12-19 11:15:14.669647,220,423012669,-836987068,47,14660,320,190,450
2022-12-19 11:15:14.669960,221,423009005,-836986638,79,14660,276,190,450
2022-12-19 11:15:14.786811,220,423012642,-836987068,48,14774,306,190,450
2022-12-19 11:15:14.787101,221,423009005,-836986577,80,14774,269,190,450
2022-12-19 11:15:14.870183,220,423012597,-836987080,49,14859,298,190,450
2022-12-19 11:15:14.870475,221,423009005,-836986517,81,14859,263,190,450
2022-12-19 11:15:14.975606,220,423012570,-836987080,50,14966,271,190,450
2022-12-19 11:15:14.975934,221,423009005,-836986444,82,14966,268,190,450
2022-12-19 11:15:15.060992,220,423012498,-836987080,51,15051,288,190,450
2022-12-19 11:15:15.061355,221,423008996,-836986383,83,15051,267,190,450
2022-12-19 11:15:15.172378,220,423012471,-836987080,52,15162,275,190,450
2022-12-19 11:15:15.172724,221,423008996,-836986322,84,15162,269,190,450
2022-12-19 11:15:15.264791,220,423012408,-836987080,53,15255,288,190,450
2022-12-19 11:15:15.265244,221,423008987,-836986237,85,15255,277,190,450
2022-12-19 11:15:15.375446,220,423012363,-836987092,54,15365,272,190,450
2022-12-19 11:15:15.375772,221,423008987,-836986165,86,15365,285,190,450
2022-12-19 11:15:15.478585,220,423012327,-836987092,55,15466,263,190,450
2022-12-19 11:15:15.478895,221,423008978,-836986043,87,15466,317,190,450
2022-12-19 11:15:15.581459,220,423012264,-836987092,56,15571,274,190,450
2022-12-19 11:15:15.581807,221,423008978,-836985934,88,15572,330,190,450
2022-12-19 11:15:15.685948,220,423012219,-836987092,57,15676,267,190,450
2022-12-19 11:15:15.686275,221,423008969,-836985861,89,15676,326,190,450
2022-12-19 11:15:15.777145,220,423012111,-836987092,58,15767,314,190,450
2022-12-19 11:15:15.777534,221,423008969,-836985849,90,15768,283,190,450
2022-12-19 11:15:15.878581,220,423012048,-836987104,59,15868,321,190,450
2022-12-19 11:15:15.878880,221,423008969,-836985813,91,15868,263,190,450
2022-12-19 11:15:15.994127,220,423012012,-836987092,60,15978,307,190,450
2022-12-19 11:15:15.994458,221,423008969,-836985764,92,15979,255,190,450
2022-12-19 11:15:16.077609,220,423011958,-836987092,61,16067,304,190,450
2022-12-19 11:15:16.077925,221,423009024,-836985774,93,16067,255,190,450
2022-12-19 11:15:16.175651,220,423011904,-836987104,62,16165,299,190,450
2022-12-19 11:15:16.175954,221,423009024,-836985750,94,16165,230,190,450
2022-12-19 11:15:16.284237,220,423011877,-836987116,63,16274,286,190,450
2022-12-19 11:15:16.284567,221,423009006,-836985653,95,16275,253,190,450
2022-12-19 11:15:16.377543,220,423011823,-836987116,64,16367,281,190,450
2022-12-19 11:15:16.377883,221,423008997,-836985605,96,16368,244,190,450
2022-12-19 11:15:16.476442,220,423011796,-836987129,65,16465,269,190,450
2022-12-19 11:15:16.476761,221,423009006,-836985508,97,16466,270,190,450
2022-12-19 11:15:16.583658,220,423011769,-836987116,66,16574,248,190,450
2022-12-19 11:15:16.583962,221,423009006,-836985459,98,16574,264,190,450
2022-12-19 11:15:16.676950,220,423011733,-836987129,67,16667,240,190,450
2022-12-19 11:15:16.677301,221,423008997,-836985362,99,16667,284,190,450
2022-12-19 11:15:16.770744,220,423011724,-836987116,68,16761,213,190,450
2022-12-19 11:15:16.771195,221,423008997,-836985302,100,16761,275,190,450
2022-12-19 11:15:16.887687,220,423011679,-836987129,69,16878,212,190,450
2022-12-19 11:15:16.888019,221,423008997,-836985229,101,16878,272,190,450
2022-12-19 11:15:16.972863,220,423011643,-836987129,70,16962,211,190,450
2022-12-19 11:15:16.973163,221,423008988,-836985108,102,16962,298,190,450
2022-12-19 11:15:17.079585,220,423011625,-836987129,71,17070,198,190,450
2022-12-19 11:15:17.079882,221,423008988,-836985047,103,17070,292,190,450
2022-12-19 11:15:17.180925,220,423011589,-836987129,72,17171,196,190,450
2022-12-19 11:15:17.181317,221,423008979,-836984962,104,17171,310,190,450
2022-12-19 11:15:17.269222,220,423011571,-836987141,73,17259,182,190,450
2022-12-19 11:15:17.269580,221,423008979,-836984890,105,17259,299,190,450
2022-12-19 11:15:17.374169,220,423011571,-836987141,74,17364,156,190,450
2022-12-19 11:15:17.374483,221,423008970,-836984829,106,17364,288,190,450
2022-12-19 11:15:17.478063,220,423011553,-836987141,75,17469,152,190,450
2022-12-19 11:15:17.478374,221,423008979,-836984793,107,17469,280,190,450
2022-12-19 11:15:17.586186,220,423011517,-836987141,76,17576,159,190,450
2022-12-19 11:15:17.586523,221,423008979,-836984684,108,17576,302,190,450
2022-12-19 11:15:17.680273,220,423011490,-836987141,77,17670,159,190,450
2022-12-19 11:15:17.680589,221,423008979,-836984611,109,17671,306,190,450
2022-12-19 11:15:17.773383,220,423011463,-836987141,78,17764,157,190,450
2022-12-19 11:15:17.773749,221,423008979,-836984538,110,17764,307,190,450
2022-12-19 11:15:17.884595,220,423011445,-836987141,79,17874,147,190,450
2022-12-19 11:15:17.884936,221,423008988,-836984453,111,17875,307,190,450
2022-12-19 11:15:17.977221,220,423011445,-836987141,80,17967,130,190,450
2022-12-19 11:15:17.977610,221,423008988,-836984368,112,17967,308,190,450
2022-12-19 11:15:18.095020,220,423011418,-836987141,81,18085,124,190,450
2022-12-19 11:15:18.095351,221,423008988,-836984284,113,18085,309,190,450
2022-12-19 11:15:18.180268,220,423011409,-836987129,82,18170,113,190,450
2022-12-19 11:15:18.180587,221,423008988,-836984247,114,18170,301,190,450
2022-12-19 11:15:18.278972,220,423011391,-836987129,83,18269,116,190,450
2022-12-19 11:15:18.279424,221,423008988,-836984150,115,18269,298,190,450
2022-12-19 11:15:18.380170,220,423011373,-836987141,84,18370,113,190,450
2022-12-19 11:15:18.380490,221,423008961,-836984017,116,18370,300,190,450
2022-12-19 11:15:18.480140,220,423011355,-836987141,85,18469,107,190,450
2022-12-19 11:15:18.480478,221,423008979,-836983969,117,18469,294,190,450
2022-12-19 11:15:18.581800,220,423011346,-836987141,86,18572,100,190,450
2022-12-19 11:15:18.582158,221,423008988,-836983969,118,18572,295,190,450
2022-12-19 11:15:18.691242,220,423011337,-836987141,87,18682,90,190,450
2022-12-19 11:15:18.691560,221,423008988,-836983859,119,18682,290,190,450
2022-12-19 11:15:18.775382,220,423011328,-836987141,88,18765,87,190,450
2022-12-19 11:15:18.775693,221,423008997,-836983811,120,18765,292,190,450
2022-12-19 11:15:18.881096,220,423011310,-836987141,89,18871,87,190,450
2022-12-19 11:15:18.881540,221,423008988,-836983762,121,18871,276,190,450
2022-12-19 11:15:18.984683,220,423011301,-836987141,90,18975,85,190,450
2022-12-19 11:15:18.985024,221,423008988,-836983653,122,18975,286,190,450
2022-12-19 11:15:19.077857,220,423011283,-836987141,91,19067,86,190,450
2022-12-19 11:15:19.078167,221,423008979,-836983593,123,19067,275,190,450
2022-12-19 11:15:19.182596,220,423011265,-836987141,92,19172,84,190,450
2022-12-19 11:15:19.182955,221,423008988,-836983544,124,19172,290,190,450
2022-12-19 11:15:19.279422,220,423011247,-836987141,93,19266,87,190,450
2022-12-19 11:15:19.279768,221,423008979,-836983423,125,19266,297,190,450
2022-12-19 11:15:19.381572,220,423011238,-836987141,94,19371,84,190,450
2022-12-19 11:15:19.381939,221,423008988,-836983363,126,19371,298,190,450
2022-12-19 11:15:19.490807,220,423011220,-836987141,95,19481,86,190,450
2022-12-19 11:15:19.491108,221,423008988,-836983302,127,19482,296,190,450
2022-12-19 11:15:19.589932,220,423011202,-836987141,96,19580,85,190,450
2022-12-19 11:15:19.590253,221,423008997,-836983229,0,19580,304,190,450
2022-12-19 11:15:19.687179,220,423011184,-836987141,97,19677,85,190,450
2022-12-19 11:15:19.687538,221,423008988,-836983108,1,19677,304,190,450
2022-12-19 11:15:19.782948,220,423011175,-836987141,98,19773,88,190,450
2022-12-19 11:15:19.783347,221,423008970,-836983226,2,19773,304,190,450
2022-12-19 11:15:19.889559,220,423011157,-836987141,99,19879,88,190,450
2022-12-19 11:15:19.889876,221,423008970,-836983214,3,19879,270,190,450
2022-12-19 11:15:19.984107,220,423011139,-836987141,100,19973,87,190,450
2022-12-19 11:15:19.984466,221,423008970,-836983153,4,19973,265,190,450
2022-12-19 11:15:20.094690,220,423011121,-836987153,101,20085,92,190,450
2022-12-19 11:15:20.095013,221,423008970,-836982996,5,20085,323,190,450
2022-12-19 11:15:20.189621,220,423011103,-836987153,102,20179,91,190,450
2022-12-19 11:15:20.189953,221,423008970,-836982899,6,20180,334,190,450
2022-12-19 11:15:20.281846,220,423011085,-836987141,103,20271,96,190,450
2022-12-19 11:15:20.282171,221,423008961,-836982814,7,20272,341,190,450
2022-12-19 11:15:20.390682,220,423011067,-836987141,104,20380,98,190,450
2022-12-19 11:15:20.391013,221,423008970,-836982729,8,20381,343,190,450
2022-12-19 11:15:20.480818,220,423011031,-836987153,105,20471,113,190,450
2022-12-19 11:15:20.481152,221,423008970,-836982693,9,20471,308,190,450
2022-12-19 11:15:20.585318,220,423010995,-836987153,106,20576,126,190,450
2022-12-19 11:15:20.585644,221,423008961,-836982596,10,20576,323,190,450
2022-12-19 11:15:20.685491,220,423010959,-836987165,107,20675,134,190,450
2022-12-19 11:15:20.685799,221,423008970,-836982547,11,20675,299,190,450
2022-12-19 11:15:20.788217,220,423010923,-836987165,108,20779,143,190,450
2022-12-19 11:15:20.788560,221,423008961,-836982438,12,20779,327,190,450
2022-12-19 11:15:20.886147,220,423010905,-836987165,109,20876,143,190,450
2022-12-19 11:15:20.886466,221,423008961,-836982390,13,20877,311,190,450
2022-12-19 11:15:21.018869,220,423010878,-836987177,110,21009,143,190,450
2022-12-19 11:15:21.019191,221,423008970,-836982268,14,21010,334,190,450
2022-12-19 11:15:21.185644,220,423010870,-836987051,111,21176,143,190,450
2022-12-19 11:15:21.185973,221,423008961,-836982075,15,21176,348,190,450
2022-12-19 11:15:21.298898,220,423010852,-836987075,112,21288,149,190,450
2022-12-19 11:15:21.299183,221,423008961,-836981978,16,21289,355,190,450
2022-12-19 11:15:21.387234,220,423010834,-836987099,113,21377,148,190,450
2022-12-19 11:15:21.387568,221,423008952,-836981893,17,21377,352,190,450
2022-12-19 11:15:21.494719,220,423010798,-836987111,114,21484,160,190,450
2022-12-19 11:15:21.495057,221,423008952,-836981869,18,21485,323,190,450
2022-12-19 11:15:21.594108,220,423010708,-836987063,115,21584,178,190,450
2022-12-19 11:15:21.594532,221,423008952,-836981772,19,21584,334,190,450
2022-12-19 11:15:21.700060,220,423010645,-836987063,116,21691,193,190,450
2022-12-19 11:15:21.701496,221,423008961,-836981711,20,21691,316,190,450
2022-12-19 11:15:21.799308,220,423010600,-836987075,117,21790,205,190,450
2022-12-19 11:15:21.799638,221,423008961,-836981602,21,21790,336,190,450
2022-12-19 11:15:21.889017,220,423010546,-836987063,118,21879,222,190,450
2022-12-19 11:15:21.889438,221,423008961,-836981505,22,21879,351,190,450
2022-12-19 11:15:22.000787,220,423010474,-836987063,119,21991,240,190,450
2022-12-19 11:15:22.001134,221,423008952,-836981408,23,21991,352,190,450
2022-12-19 11:15:22.095338,220,423010411,-836987051,120,22085,253,190,450
2022-12-19 11:15:22.095619,221,423008961,-836981311,24,22085,354,190,450
2022-12-19 11:15:22.195023,220,423010348,-836987063,121,22185,265,190,450
2022-12-19 11:15:22.195302,221,423008952,-836981238,25,22185,349,190,450
2022-12-19 11:15:22.293947,220,423010294,-836987051,122,22284,278,190,450
2022-12-19 11:15:22.294264,221,423008961,-836981166,26,22284,350,190,450
2022-12-19 11:15:22.388258,220,423010230,-836987063,123,22378,290,190,450
2022-12-19 11:15:22.388535,221,423008952,-836981093,27,22378,346,190,450
2022-12-19 11:15:22.486092,220,423010149,-836987051,124,22477,301,190,450
2022-12-19 11:15:22.486421,221,423008961,-836981020,28,22477,340,190,450
2022-12-19 11:15:22.598740,220,423010086,-836987063,125,22589,310,190,450
2022-12-19 11:15:22.599077,221,423008952,-836980935,29,22589,333,190,450
2022-12-19 11:15:22.692442,220,423010014,-836987051,126,22682,324,190,450
2022-12-19 11:15:22.692763,221,423008952,-836980899,30,22682,306,190,450
2022-12-19 11:15:22.797046,220,423009933,-836987038,127,22787,339,190,450
2022-12-19 11:15:22.797427,221,423008961,-836980814,31,22788,312,190,450
2022-12-19 11:15:22.894794,220,423009843,-836987038,0,22885,365,190,450
2022-12-19 11:15:22.895137,221,423008961,-836980681,32,22885,339,190,450
2022-12-19 11:15:22.991746,220,423009753,-836987026,1,22981,371,190,450
2022-12-19 11:15:22.992074,221,423008952,-836980584,33,22981,345,190,450
2022-12-19 11:15:23.099423,220,423009690,-836987026,2,23089,375,190,450
2022-12-19 11:15:23.099753,221,423008952,-836980548,34,23090,340,190,450
2022-12-19 11:15:23.189777,220,423009609,-836987002,3,23179,378,190,450
2022-12-19 11:15:23.190080,221,423008961,-836980451,35,23179,339,190,450
2022-12-19 11:15:23.301155,220,423009536,-836986990,4,23292,382,190,450
2022-12-19 11:15:23.301526,221,423008952,-836980390,36,23292,329,190,450
2022-12-19 11:15:23.391503,220,423009455,-836986990,5,23380,387,190,450
2022-12-19 11:15:23.391812,221,423008952,-836980293,37,23382,327,190,450
2022-12-19 11:15:23.500877,220,423009383,-836987002,6,23489,388,190,450
2022-12-19 11:15:23.501207,221,423008952,-836980293,38,23489,306,190,450
2022-12-19 11:15:23.593735,220,423009302,-836987002,7,23584,397,190,450
2022-12-19 11:15:23.594085,221,423008952,-836980184,39,23585,312,190,450
2022-12-19 11:15:23.694352,220,423009212,-836986990,8,23684,403,190,450
2022-12-19 11:15:23.694728,221,423008952,-836980123,40,23684,298,190,450
2022-12-19 11:15:23.800390,220,423009104,-836986990,9,23790,433,190,450
2022-12-19 11:15:23.800843,221,423008952,-836980014,41,23791,309,190,450
2022-12-19 11:15:23.897248,220,423009032,-836986978,10,23886,426,190,450
2022-12-19 11:15:23.897584,221,423008943,-836979942,42,23886,313,190,450
2022-12-19 11:15:23.989569,220,423008951,-836986953,11,23980,421,190,450
2022-12-19 11:15:23.989901,221,423008943,-836979881,43,23980,311,190,450
2022-12-19 11:15:24.097325,220,423008869,-836986953,12,24087,427,190,450
2022-12-19 11:15:24.097670,221,423008943,-836979820,44,24088,306,190,450
2022-12-19 11:15:24.192135,220,423008779,-836986941,13,24182,432,190,450
2022-12-19 11:15:24.192449,221,423008943,-836979699,45,24182,312,190,450
2022-12-19 11:15:24.295232,220,423008698,-836986941,14,24286,434,190,450
2022-12-19 11:15:24.295546,221,423008943,-836979626,46,24286,314,190,450
2022-12-19 11:15:24.398251,220,423008608,-836986941,15,24388,443,190,450
2022-12-19 11:15:24.398583,221,423008952,-836979566,47,24388,312,190,450
2022-12-19 11:15:24.499826,220,423008509,-836986917,16,24491,450,190,450
2022-12-19 11:15:24.500154,221,423008943,-836979554,48,24491,294,190,450
2022-12-19 11:15:24.590949,220,423008428,-836986905,17,24581,451,190,450
2022-12-19 11:15:24.591290,221,423008943,-836979493,49,24581,280,190,450
2022-12-19 11:15:24.698477,220,423008338,-836986905,18,24689,450,190,450
2022-12-19 11:15:24.698806,221,423008952,-836979420,50,24689,284,190,450
2022-12-19 11:15:24.790335,220,423008257,-836986893,19,24781,448,190,450
2022-12-19 11:15:24.790651,221,423008952,-836979348,51,24781,288,190,450
2022-12-19 11:15:24.904852,220,423008232,-836986904,20,24895,448,190,450
2022-12-19 11:15:24.905260,221,423008952,-836979275,52,24895,276,190,450
2022-12-19 11:15:25.001568,220,423008187,-836986928,21,24991,424,190,450
2022-12-19 11:15:25.001960,221,423008943,-836979202,53,24991,284,190,450
2022-12-19 11:15:25.102468,220,423008115,-836986953,22,25090,414,190,450
2022-12-19 11:15:25.110896,221,423008952,-836979117,54,25090,290,190,450
2022-12-19 11:15:25.208137,220,423008034,-836986977,23,25198,418,190,450
2022-12-19 11:15:25.208472,221,423008961,-836979045,55,25198,294,190,450
2022-12-19 11:15:25.291706,220,423007953,-836986977,24,25282,421,190,450
2022-12-19 11:15:25.292053,221,423008952,-836978960,56,25282,284,190,450
2022-12-19 11:15:25.392825,220,423007881,-836986989,25,25383,421,190,450
2022-12-19 11:15:25.393224,221,423008952,-836978960,57,25383,277,190,450
2022-12-19 11:15:25.500473,220,423007791,-836987001,26,25491,428,190,450
2022-12-19 11:15:25.500811,221,423008952,-836978875,58,25491,276,190,450
2022-12-19 11:15:25.595680,220,423007710,-836987001,27,25586,430,190,450
2022-12-19 11:15:25.595975,221,423008961,-836978790,59,25586,262,190,450
2022-12-19 11:15:25.700437,220,423007602,-836987001,28,25691,459,190,450
2022-12-19 11:15:25.700728,221,423008961,-836978790,60,25691,256,190,450
2022-12-19 11:15:25.794559,220,423007530,-836987013,29,25785,447,190,450
2022-12-19 11:15:25.794903,221,423008961,-836978705,61,25785,239,190,450
2022-12-19 11:15:26.003233,220,423007377,-836987001,30,25992,436,190,450
2022-12-19 11:15:26.004556,221,423008961,-836978705,62,25993,206,190,450
2022-12-19 11:15:26.103443,220,423007305,-836986989,31,26094,435,190,450
2022-12-19 11:15:26.103791,221,423008961,-836978621,63,26094,205,190,450
2022-12-19 11:15:26.193583,220,423007224,-836987001,32,26184,439,190,450
2022-12-19 11:15:26.193998,221,423008961,-836978621,64,26184,196,190,450
2022-12-19 11:15:26.295931,220,423007143,-836986989,33,26286,439,190,450
2022-12-19 11:15:26.296247,221,423008970,-836978536,65,26286,197,190,450
2022-12-19 11:15:26.407218,220,423007071,-836987001,34,26397,437,190,450
2022-12-19 11:15:26.407523,221,423008970,-836978536,66,26397,188,190,450
2022-12-19 11:15:26.493339,220,423006936,-836987001,35,26483,479,190,450
2022-12-19 11:15:26.493629,221,423008961,-836978524,67,26483,174,190,450
2022-12-19 11:15:26.597130,220,423006855,-836987013,36,26588,468,190,450
2022-12-19 11:15:26.597502,221,423008961,-836978524,68,26588,173,190,450
2022-12-19 11:15:26.692185,220,423006774,-836987025,37,26682,460,190,450
2022-12-19 11:15:26.788492,220,423006711,-836987013,38,26779,454,190,450
2022-12-19 11:15:26.908151,220,423006585,-836987025,39,26899,481,190,450
2022-12-19 11:15:27.002305,220,423006513,-836987025,40,26992,463,190,450
2022-12-19 11:15:27.093612,220,423006468,-836987013,41,27084,446,190,450
2022-12-19 11:15:27.200930,220,423006369,-836987038,42,27191,451,190,450
2022-12-19 11:15:27.299070,220,423006288,-836987025,43,27290,451,190,450
2022-12-19 11:15:27.391346,220,423006207,-836987038,44,27382,449,190,450
2022-12-19 11:15:27.506707,220,423006126,-836987038,45,27497,457,190,450
2022-12-19 11:15:27.602566,220,423006000,-836987050,46,27593,490,190,450
2022-12-19 11:15:27.699903,220,423005919,-836987050,47,27691,481,190,450
2022-12-19 11:15:27.805297,220,423005856,-836987038,48,27795,466,190,450
2022-12-19 11:15:27.900645,220,423005748,-836987038,49,27891,475,190,450
2022-12-19 11:15:28.004683,221,423008961,-836978524,66,27995,0,190,450
2022-12-19 11:15:28.005070,220,423005694,-836987025,50,27995,453,190,450
2022-12-19 11:15:28.092512,221,423008961,-836978524,67,28083,0,190,450
2022-12-19 11:15:28.092839,220,423005640,-836987025,51,28083,443,190,450
2022-12-19 11:15:28.207773,221,423008961,-836978524,68,28198,0,190,450
2022-12-19 11:15:28.208095,220,423005541,-836987038,52,28198,439,190,450
2022-12-19 11:15:28.306245,221,423008961,-836978524,69,28296,0,190,450
2022-12-19 11:15:28.306562,220,423005478,-836987025,53,28296,431,190,450
2022-12-19 11:15:28.400993,220,423005361,-836987025,54,28389,469,190,450
2022-12-19 11:15:28.487554,220,423005235,-836987025,55,28478,487,190,450
2022-12-19 11:15:28.601032,220,423005163,-836987013,56,28592,492,190,450
2022-12-19 11:15:28.802361,220,423005028,-836987013,57,28791,456,190,450
2022-12-19 11:15:28.900348,220,423004911,-836987025,58,28890,468,190,450
2022-12-19 11:15:29.003565,221,423008952,-836978524,121,28994,0,190,450
2022-12-19 11:15:29.003960,220,423004884,-836987001,59,28994,452,190,450
2022-12-19 11:15:29.114807,221,423008952,-836978524,122,29105,0,190,450
2022-12-19 11:15:29.115101,220,423004776,-836987038,60,29105,450,190,450
2022-12-19 11:15:29.195120,221,423008961,-836978524,123,29185,0,190,450
2022-12-19 11:15:29.195417,220,423004749,-836987013,61,29186,433,190,450
2022-12-19 11:15:29.300255,221,423008961,-836978524,124,29291,0,190,450
2022-12-19 11:15:29.300594,220,423004614,-836987038,62,29291,455,190,450
2022-12-19 11:15:29.397674,221,423008961,-836978524,125,29387,0,190,450
2022-12-19 11:15:29.398034,220,423004533,-836987025,63,29388,471,190,450
2022-12-19 11:15:29.506731,221,423008961,-836978524,126,29498,0,190,450
2022-12-19 11:15:29.507054,220,423004443,-836987013,64,29498,482,190,450
2022-12-19 11:15:29.601544,221,423008961,-836978524,127,29592,0,190,450
2022-12-19 11:15:29.601841,220,423004353,-836987001,65,29592,489,190,450
2022-12-19 11:15:29.694633,221,423008970,-836978536,0,29686,0,190,450
2022-12-19 11:15:29.801614,221,423008970,-836978536,1,29792,0,190,450
2022-12-19 11:15:29.905397,221,423008970,-836978536,2,29896,0,190,450
2022-12-19 11:15:29.998275,221,423008970,-836978536,3,29988,0,190,450
2022-12-19 11:15:30.107623,221,423008970,-836978536,4,30098,0,190,450
2022-12-19 11:15:30.206308,221,423008970,-836978536,5,30196,0,190,450
2022-12-19 11:15:30.308729,221,423008970,-836978536,6,30299,0,190,450
2022-12-19 11:15:30.412946,221,423008970,-836978536,7,30403,0,190,450
2022-12-19 11:15:30.505136,221,423008970,-836978536,8,30495,0,190,450
2022-12-19 11:15:30.603324,221,423008970,-836978536,9,30594,0,190,450
2022-12-19 11:15:30.703601,221,423008970,-836978536,10,30694,0,190,450
2022-12-19 11:15:30.804858,221,423008970,-836978536,11,30796,0,190,450
2022-12-19 11:15:30.895166,221,423008970,-836978536,12,30886,0,190,450
2022-12-19 11:15:31.007157,221,423008970,-836978536,13,30995,0,190,450
2022-12-19 11:15:32.897872,221,423008961,-836978524,88,32888,0,190,450
2022-12-19 11:15:33.014513,221,423008961,-836978524,89,33005,0,190,450
2022-12-19 11:15:33.115273,221,423008961,-836978524,90,33104,0,190,450
2022-12-19 11:15:33.208723,221,423008961,-836978524,91,33200,0,190,450
2022-12-19 11:15:33.308427,221,423008961,-836978524,92,33299,0,190,450
2022-12-19 11:15:33.399082,221,423008961,-836978524,93,33389,0,190,450
2022-12-19 11:15:33.505476,221,423008961,-836978524,94,33496,0,190,450
2022-12-19 11:15:33.605184,221,423008961,-836978524,95,33596,0,190,450
2022-12-19 11:15:33.711852,221,423008961,-836978524,96,33703,0,190,450
2022-12-19 11:15:33.806304,221,423008961,-836978524,97,33797,0,190,450
2022-12-19 11:15:33.906892,221,423008961,-836978524,98,33897,0,190,450
2022-12-19 11:15:34.007870,221,423008961,-836978524,99,34000,0,190,450
2022-12-19 11:15:34.101756,221,423008961,-836978524,100,34094,0,190,450
2022-12-19 11:15:34.209010,221,423008961,-836978524,101,34200,0,190,450
2022-12-19 11:15:34.311588,221,423008961,-836978524,102,34303,0,190,450
2022-12-19 11:15:34.409871,221,423008961,-836978524,103,34399,0,190,450
2022-12-19 11:15:34.505201,221,423008961,-836978524,104,34496,0,190,450
2022-12-19 11:15:34.611327,221,423008970,-836978536,105,34602,0,190,450
2022-12-19 11:15:34.810251,221,423008961,-836978524,106,34801,0,190,450
2022-12-19 11:15:34.920516,221,423008961,-836978524,107,34911,0,190,450
2022-12-19 11:15:35.005403,221,423008961,-836978524,108,34995,0,190,450
2022-12-19 11:15:35.117675,221,423008952,-836978524,109,35108,0,190,450
2022-12-19 11:15:35.219972,221,423008952,-836978524,110,35211,0,190,450
2022-12-19 11:15:35.320307,221,423008952,-836978524,111,35311,0,190,450
2022-12-19 11:15:35.402225,221,423008952,-836978524,112,35393,0,190,450
2022-12-19 11:15:35.521343,221,423008952,-836978524,113,35511,0,190,450
2022-12-19 11:15:35.616235,221,423008952,-836978524,114,35607,0,190,450
2022-12-19 11:15:35.712390,221,423008952,-836978524,115,35701,0,190,450
2022-12-19 11:15:35.813345,221,423008952,-836978524,116,35804,0,190,450
2022-12-19 11:15:35.923630,221,423008952,-836978524,117,35915,0,190,450
2022-12-19 11:15:36.013571,221,423008952,-836978524,118,36005,0,190,450
2022-12-19 11:15:36.123274,221,423008952,-836978524,119,36114,0,190,450
2022-12-19 11:15:36.220303,221,423008952,-836978524,120,36211,0,190,450
2022-12-19 11:15:36.325426,221,423008952,-836978524,121,36316,0,190,450
2022-12-19 11:15:36.411316,221,423008952,-836978524,122,36402,0,190,450
2022-12-19 11:15:36.525713,221,423008952,-836978524,123,36516,0,190,450
2022-12-19 11:15:36.623768,221,423008952,-836978524,124,36614,0,190,450
2022-12-19 11:15:36.719648,221,423008952,-836978524,125,36710,0,190,450
2022-12-19 11:15:36.829607,221,423008952,-836978524,126,36819,0,190,450
2022-12-19 11:15:36.920568,221,423008952,-836978524,127,36910,0,190,450
2022-12-19 11:15:37.024382,221,423008952,-836978524,0,37015,0,190,450
2022-12-19 11:15:37.113618,221,423008952,-836978524,1,37104,0,190,450
2022-12-19 11:15:37.225643,221,423008961,-836978524,2,37217,0,190,450
2022-12-19 11:15:37.320505,221,423008961,-836978524,3,37312,0,190,450
2022-12-19 11:15:37.418412,221,423008961,-836978524,4,37409,0,190,450
2022-12-19 11:15:37.518226,221,423008961,-836978524,5,37508,0,190,450
2022-12-19 11:15:37.617743,221,423008961,-836978524,6,37608,0,190,450
2022-12-19 11:15:37.831962,221,423008961,-836978524,7,37815,0,190,450
2022-12-19 11:15:37.922349,221,423008961,-836978524,8,37908,0,190,450
2022-12-19 11:15:38.025338,221,423008961,-836978524,9,38017,0,190,450
