UTC Timestamp,id,lat,lon,msgCnt,secMark,speed,size.VehicleSize_width,size.VehicleSize_length
2022-12-19 11:07:28.268909,4236181504,0,1,-776168096,-776168096,-776156096,-563194144,0
2022-12-19 11:07:28.477472,4236181504,0,1,-776168096,-776168096,-776156096,-563194144,0
2022-12-19 11:07:28.563256,4236181504,0,1,-776168096,-776168096,-776156096,-563194144,0
2022-12-19 11:07:29.275496,4236181504,0,1,-776168096,-776168096,-776156096,-563194144,0
2022-12-19 11:07:29.762363,4236181504,0,1,-776168096,-776168096,-776156096,-563194144,0
2022-12-19 11:07:34.472431,4236181504,0,1,-776168096,-776168096,-776156096,-563194144,0
2022-12-19 11:07:34.777417,4236181504,0,1,-776168096,-776168096,-776156096,-563194144,0
2022-12-19 11:07:34.870855,4236181504,0,1,-776168096,-776168096,-776156096,-563194144,0
2022-12-19 11:07:41.096167,185,423004479,-836986007,101,41087,209,190,450
2022-12-19 11:07:41.183067,185,423004497,-836986031,102,41174,209,190,450
2022-12-19 11:07:41.291645,185,423004569,-836986044,103,41283,222,190,450
2022-12-19 11:07:41.389096,185,423004587,-836986068,104,41380,220,190,450
2022-12-19 11:07:41.486179,185,423004641,-836986056,105,41477,234,190,450
2022-12-19 11:07:41.581038,185,423004704,-836986056,106,41572,252,190,450
2022-12-19 11:07:41.687565,185,423004803,-836986044,107,41679,278,190,450
2022-12-19 11:07:41.787062,185,423004857,-836986044,108,41779,282,190,450
2022-12-19 11:07:41.901546,185,423004902,-836986019,109,41892,269,190,450
2022-12-19 11:07:41.987545,185,423004956,-836986019,110,41979,292,190,450
2022-12-19 11:07:42.178807,185,423005046,-836986007,111,42170,277,190,450
2022-12-19 11:07:42.280377,185,423005055,-836986031,112,42271,259,190,450
2022-12-19 11:07:42.398412,185,423005100,-836986019,113,42389,246,190,450
2022-12-19 11:07:42.489355,185,423005154,-836986019,114,42480,241,190,450
2022-12-19 11:07:42.592498,185,423005163,-836986044,115,42583,239,190,450
2022-12-19 11:07:42.690791,185,423005217,-836986044,116,42682,244,190,450
2022-12-19 11:07:42.787819,185,423005271,-836986056,117,42779,248,190,450
2022-12-19 11:07:42.879986,185,423005325,-836986056,118,42871,253,190,450
2022-12-19 11:07:43.012347,185,423005361,-836986056,119,43004,242,190,450
2022-12-19 11:07:43.089483,185,423005406,-836986056,120,43081,249,190,450
2022-12-19 11:07:43.189910,185,423005451,-836986068,121,43180,254,190,450
2022-12-19 11:07:43.290976,185,423005496,-836986056,122,43282,253,190,450
2022-12-19 11:07:43.393121,185,423005568,-836986044,123,43384,254,190,450
2022-12-19 11:07:43.501797,185,423005604,-836986044,124,43492,251,190,450
2022-12-19 11:07:43.601258,185,423005649,-836986044,125,43589,251,190,450
2022-12-19 11:07:43.698855,185,423005685,-836986044,126,43689,247,190,450
2022-12-19 11:07:43.795906,185,423005721,-836986044,127,43786,256,190,450
2022-12-19 11:07:43.918707,185,423005757,-836986044,0,43909,251,190,450
2022-12-19 11:07:43.990749,185,423005829,-836986044,1,43982,253,190,450
2022-12-19 11:07:44.094722,185,423005865,-836986044,2,44085,240,190,450
2022-12-19 11:07:44.182682,185,423005901,-836986044,3,44173,242,190,450
2022-12-19 11:07:44.287669,185,423005937,-836986056,4,44278,242,190,450
2022-12-19 11:07:44.397538,185,423005973,-836986056,5,44388,238,190,450
2022-12-19 11:07:44.486556,185,423006009,-836986056,6,44477,234,190,450
2022-12-19 11:07:44.598829,185,423006063,-836986056,7,44589,238,190,450
2022-12-19 11:07:44.690384,185,423006099,-836986056,8,44680,237,190,450
2022-12-19 11:07:44.790465,185,423006135,-836986056,9,44777,234,190,450
2022-12-19 11:07:44.893654,185,423006189,-836986044,10,44884,229,190,450
2022-12-19 11:07:44.994207,185,423006225,-836986056,11,44984,224,190,450
2022-12-19 11:07:45.096193,185,423006243,-836986056,12,45086,224,190,450
2022-12-19 11:07:45.193161,185,423006297,-836986044,13,45184,230,190,450
2022-12-19 11:07:45.293903,185,423006333,-836986056,14,45284,233,190,450
2022-12-19 11:07:45.400787,185,423006369,-836986068,15,45391,219,190,450
2022-12-19 11:07:45.498337,185,423006414,-836986056,16,45488,224,190,450
2022-12-19 11:07:45.586112,185,423006441,-836986056,17,45576,214,190,450
2022-12-19 11:07:45.702754,185,423006504,-836986044,18,45693,230,190,450
2022-12-19 11:07:45.787670,185,423006531,-836986044,19,45778,224,190,450
2022-12-19 11:07:45.904198,185,423006558,-836986056,20,45895,215,190,450
2022-12-19 11:07:45.986595,185,423006603,-836986044,21,45976,212,190,450
2022-12-19 11:07:46.095892,185,423006621,-836986044,22,46086,204,190,450
2022-12-19 11:07:46.200243,185,423006648,-836986056,23,46191,198,190,450
2022-12-19 11:07:46.291495,185,423006693,-836986044,24,46282,198,190,450
2022-12-19 11:07:46.391842,185,423006720,-836986044,25,46382,191,190,450
2022-12-19 11:07:46.498208,185,423006738,-836986056,26,46488,183,190,450
2022-12-19 11:07:46.590215,185,423006783,-836986056,27,46580,191,190,450
2022-12-19 11:07:46.690582,185,423006819,-836986044,28,46681,188,190,450
2022-12-19 11:07:46.799383,185,423006855,-836986044,29,46789,189,190,450
2022-12-19 11:07:46.892580,185,423006873,-836986044,30,46883,177,190,450
2022-12-19 11:07:47.003437,185,423006900,-836986044,31,46993,173,190,450
2022-12-19 11:07:47.097906,185,423006927,-836986044,32,47088,172,190,450
2022-12-19 11:07:47.199984,185,423006936,-836986056,33,47191,160,190,450
2022-12-19 11:07:47.294148,185,423006972,-836986044,34,47285,158,190,450
2022-12-19 11:07:47.395137,185,423006990,-836986044,35,47385,153,190,450
2022-12-19 11:07:47.510103,185,423007008,-836986044,36,47500,150,190,450
2022-12-19 11:07:47.598202,185,423007035,-836986044,37,47589,146,190,450
2022-12-19 11:07:47.698788,185,423007053,-836986044,38,47689,140,190,450
2022-12-19 11:07:47.794692,185,423007080,-836986044,39,47785,135,190,450
2022-12-19 11:07:47.924459,185,423007089,-836986044,40,47915,133,190,450
2022-12-19 11:07:47.997524,185,423007116,-836986031,41,47988,134,190,450
2022-12-19 11:07:48.093428,185,423007134,-836986031,42,48084,124,190,450
2022-12-19 11:07:48.205775,185,423007161,-836986031,43,48196,128,190,450
2022-12-19 11:07:48.299693,185,423007170,-836986031,44,48291,122,190,450
2022-12-19 11:07:48.394676,185,423007188,-836986031,45,48385,116,190,450
2022-12-19 11:07:48.502629,185,423007206,-836986031,46,48493,110,190,450
2022-12-19 11:07:48.601725,185,423007206,-836986031,47,48592,97,190,450
2022-12-19 11:07:48.726306,185,423007224,-836986031,48,48717,94,190,450
2022-12-19 11:07:48.900113,185,423007251,-836986031,49,48890,91,190,450
2022-12-19 11:07:49.014080,185,423007260,-836986031,50,48996,78,190,450
2022-12-19 11:07:49.102237,185,423007251,-836986044,51,49093,66,190,450
2022-12-19 11:07:49.199822,185,423007251,-836986044,52,49189,57,190,450
2022-12-19 11:07:49.311718,185,423007269,-836986031,53,49302,64,190,450
2022-12-19 11:07:49.406088,185,423007278,-836986019,54,49397,64,190,450
2022-12-19 11:07:49.498919,185,423007287,-836986019,55,49489,59,190,450
2022-12-19 11:07:49.606653,185,423007287,-836986019,56,49596,51,190,450
2022-12-19 11:07:49.694402,185,423007287,-836986019,57,49685,0,190,450
2022-12-19 11:07:49.804345,185,423007287,-836986019,58,49795,0,190,450
2022-12-19 11:07:49.900184,185,423007287,-836986019,59,49890,0,190,450
2022-12-19 11:07:49.994693,185,423007296,-836986031,60,49985,0,190,450
2022-12-19 11:07:50.095939,185,423007296,-836986031,61,50087,0,190,450
2022-12-19 11:07:50.203870,185,423007296,-836986031,62,50195,0,190,450
2022-12-19 11:07:50.296279,185,423007296,-836986031,63,50286,0,190,450
2022-12-19 11:07:50.406928,185,423007296,-836986031,64,50396,0,190,450
2022-12-19 11:07:50.502011,185,423007296,-836986031,65,50493,0,190,450
2022-12-19 11:07:50.594144,185,423007296,-836986031,66,50583,0,190,450
2022-12-19 11:07:50.708562,185,423007296,-836986031,67,50698,0,190,450
2022-12-19 11:07:50.806359,185,423007296,-836986031,68,50798,0,190,450
2022-12-19 11:07:50.909999,185,423007314,-836986031,69,50900,0,190,450
2022-12-19 11:07:51.006216,185,423007323,-836986031,70,50997,0,190,450
2022-12-19 11:07:51.104849,185,423007332,-836986019,71,51096,0,190,450
2022-12-19 11:07:51.230022,185,423007341,-836986019,72,51220,0,190,450
2022-12-19 11:07:51.302155,185,423007359,-836986019,73,51292,0,190,450
2022-12-19 11:07:51.407442,185,423007359,-836986019,74,51398,0,190,450
2022-12-19 11:07:51.503931,185,423007359,-836986031,75,51494,0,190,450
2022-12-19 11:07:51.602035,185,423007359,-836986031,76,51592,0,190,450
2022-12-19 11:07:51.710194,185,423007377,-836986031,77,51700,0,190,450
2022-12-19 11:07:51.800621,185,423007395,-836986031,78,51791,0,190,450
2022-12-19 11:07:51.904855,185,423007413,-836986019,79,51896,0,190,450
2022-12-19 11:07:52.006485,185,423007413,-836986031,80,51997,0,190,450
2022-12-19 11:07:52.108621,185,423007449,-836986019,81,52098,67,190,450
2022-12-19 11:07:52.204826,185,423007458,-836986019,82,52195,72,190,450
2022-12-19 11:07:52.300582,185,423007476,-836986019,83,52291,73,190,450
2022-12-19 11:07:52.408578,185,423007485,-836986019,84,52399,66,190,450
2022-12-19 11:07:52.506558,185,423007521,-836986007,85,52497,84,190,450
2022-12-19 11:07:52.605761,185,423007530,-836985995,86,52595,85,190,450
2022-12-19 11:07:52.704808,185,423007557,-836986007,87,52695,90,190,450
2022-12-19 11:07:52.807453,185,423007557,-836986019,88,52798,83,190,450
2022-12-19 11:07:52.903830,185,423007566,-836986019,89,52894,72,190,450
2022-12-19 11:07:53.002865,185,423007602,-836986019,90,52993,97,190,450
2022-12-19 11:07:53.109944,185,423007629,-836986007,91,53099,106,190,450
2022-12-19 11:07:53.212926,185,423007656,-836985995,92,53204,111,190,450
2022-12-19 11:07:53.306664,185,423007683,-836986007,93,53296,113,190,450
2022-12-19 11:07:53.407883,185,423007683,-836986007,94,53398,102,190,450
2022-12-19 11:07:53.507672,185,423007728,-836986007,95,53498,118,190,450
2022-12-19 11:07:53.611690,185,423007746,-836986007,96,53602,113,190,450
2022-12-19 11:07:53.719517,185,423007764,-836986019,97,53709,117,190,450
2022-12-19 11:07:53.807388,185,423007773,-836986019,98,53798,106,190,450
2022-12-19 11:07:53.926456,185,423007818,-836986019,99,53917,123,190,450
2022-12-19 11:07:54.115545,185,423007872,-836986044,100,54098,136,190,450
2022-12-19 11:07:54.198751,185,423007908,-836986044,101,54189,142,190,450
2022-12-19 11:07:54.306936,185,423007944,-836986031,102,54297,150,190,450
2022-12-19 11:07:54.412631,185,423007953,-836986044,103,54403,137,190,450
2022-12-19 11:07:54.501664,185,423007998,-836986031,104,54491,151,190,450
2022-12-19 11:07:54.614288,185,423008007,-836986031,105,54605,140,190,450
2022-12-19 11:07:54.705798,185,423008052,-836986031,106,54697,160,190,450
2022-12-19 11:07:54.810244,185,423008070,-836986019,107,54801,150,190,450
2022-12-19 11:07:54.908267,185,423008124,-836986031,108,54899,169,190,450
2022-12-19 11:07:55.013219,185,423008169,-836986031,109,55004,180,190,450
2022-12-19 11:07:55.114014,185,423008205,-836986031,110,55105,185,190,450
2022-12-19 11:07:55.218952,185,423008241,-836986044,111,55208,188,190,450
2022-12-19 11:07:55.302815,185,423008277,-836986031,112,55294,188,190,450
2022-12-19 11:07:55.408880,185,423008286,-836986031,113,55400,164,190,450
2022-12-19 11:07:55.504164,185,423008322,-836986031,114,55493,174,190,450
2022-12-19 11:07:55.612648,185,423008340,-836986031,115,55603,156,190,450
2022-12-19 11:07:55.705504,185,423008394,-836986044,116,55696,183,190,450
2022-12-19 11:07:55.811500,185,423008448,-836986031,117,55801,197,190,450
2022-12-19 11:07:55.906157,185,423008484,-836986056,118,55897,199,190,450
2022-12-19 11:07:56.012407,185,423008520,-836986056,119,56002,199,190,450
2022-12-19 11:07:56.112630,185,423008557,-836986056,120,56103,199,190,450
2022-12-19 11:07:56.211349,185,423008521,-836986065,121,56202,199,190,450
2022-12-19 11:07:56.304064,185,423008539,-836986053,122,56295,186,190,450
2022-12-19 11:07:56.409816,185,423008566,-836986053,123,56400,178,190,450
2022-12-19 11:07:56.516108,185,423008611,-836986053,124,56507,188,190,450
2022-12-19 11:07:56.607841,185,423008656,-836986065,125,56598,193,190,450
2022-12-19 11:07:56.712636,185,423008701,-836986077,126,56703,208,190,450
2022-12-19 11:07:56.808253,185,423008746,-836986077,127,56799,214,190,450
2022-12-19 11:07:56.918834,185,423008791,-836986089,0,56909,217,190,450
2022-12-19 11:07:57.004642,185,423008809,-836986077,1,56995,200,190,450
2022-12-19 11:07:57.116741,185,423008854,-836986065,2,57107,207,190,450
2022-12-19 11:07:57.203994,185,423008881,-836986065,3,57194,193,190,450
2022-12-19 11:07:57.318656,185,423008916,-836986053,4,57310,201,190,450
2022-12-19 11:07:57.403754,185,423008934,-836986041,5,57394,187,190,450
2022-12-19 11:07:57.500960,187,423008943,-836986053,70,57491,0,190,450
2022-12-19 11:07:57.501558,185,423008924,-836986031,6,57492,187,190,450
2022-12-19 11:07:57.611362,187,423008943,-836986053,71,57603,0,190,450
2022-12-19 11:07:57.611881,185,423008969,-836986019,7,57603,190,190,450
2022-12-19 11:07:57.710264,187,423008987,-836986043,72,57701,0,190,450
2022-12-19 11:07:57.710804,185,423009005,-836986007,8,57701,190,190,450
2022-12-19 11:07:57.811302,187,423009023,-836986043,73,57802,0,190,450
2022-12-19 11:07:57.811863,185,423009041,-836986019,9,57802,190,190,450
2022-12-19 11:07:57.906639,187,423009077,-836986043,74,57897,85,190,450
2022-12-19 11:07:57.907181,185,423009077,-836986007,10,57898,190,190,450
2022-12-19 11:07:58.010264,187,423009131,-836986043,75,58001,123,190,450
2022-12-19 11:07:58.010800,185,423009104,-836986007,11,58001,190,190,450
2022-12-19 11:07:58.107893,187,423009194,-836986068,76,58098,158,190,450
2022-12-19 11:07:58.108378,185,423009140,-836985995,12,58099,190,190,450
2022-12-19 11:07:58.207502,187,423009221,-836986068,77,58198,154,190,450
2022-12-19 11:07:58.320351,187,423009284,-836986080,78,58311,188,190,450
2022-12-19 11:07:58.414318,187,423009320,-836986080,79,58405,183,190,450
2022-12-19 11:07:58.518395,187,423009356,-836986080,80,58509,184,190,450
2022-12-19 11:07:58.616325,187,423009401,-836986080,81,58607,196,190,450
2022-12-19 11:07:58.717516,187,423009500,-836986080,82,58708,241,190,450
2022-12-19 11:07:58.818391,187,423009563,-836986092,83,58810,258,190,450
2022-12-19 11:07:58.910532,187,423009609,-836986092,84,58901,262,190,450
2022-12-19 11:07:59.021163,187,423009654,-836986092,85,59012,255,190,450
2022-12-19 11:07:59.113984,187,423009699,-836986092,86,59104,253,190,450
2022-12-19 11:07:59.221008,187,423009708,-836986080,87,59212,226,190,450
2022-12-19 11:07:59.327543,187,423009780,-836986092,88,59317,241,190,450
2022-12-19 11:07:59.422439,187,423009798,-836986092,89,59413,225,190,450
2022-12-19 11:07:59.523425,187,423009834,-836986104,90,59514,218,190,450
2022-12-19 11:07:59.616945,187,423009906,-836986092,91,59608,247,190,450
2022-12-19 11:07:59.724230,187,423009960,-836986092,92,59715,253,190,450
2022-12-19 11:07:59.816308,187,423010014,-836986104,93,59807,260,190,450
2022-12-19 11:07:59.917296,187,423010059,-836986104,94,59908,259,190,450
2022-12-19 11:08:00.015926,187,423010104,-836986104,95,6,260,190,450
2022-12-19 11:08:00.119629,187,423010149,-836986104,96,110,254,190,450
2022-12-19 11:08:00.225755,187,423010158,-836986104,97,216,227,190,450
2022-12-19 11:08:00.306160,187,423010221,-836986104,98,297,234,190,450
2022-12-19 11:08:00.416492,187,423010239,-836986104,99,407,217,190,450
2022-12-19 11:08:00.516359,187,423010312,-836986116,100,507,240,190,450
2022-12-19 11:08:00.619005,187,423010357,-836986104,101,610,251,190,450
2022-12-19 11:08:00.730293,187,423010402,-836986104,102,721,249,190,450
2022-12-19 11:08:00.813418,187,423010465,-836986116,103,804,253,190,450
2022-12-19 11:08:00.922608,187,423010501,-836986116,104,913,254,190,450
2022-12-19 11:08:01.015799,187,423010546,-836986116,105,1006,258,190,450
2022-12-19 11:08:01.111656,187,423010600,-836986116,106,1102,254,190,450
2022-12-19 11:08:01.216310,187,423010645,-836986116,107,1207,251,190,450
2022-12-19 11:08:01.324472,187,423010672,-836986104,108,1316,249,190,450
2022-12-19 11:08:01.413408,187,423010717,-836986104,109,1404,248,190,450
2022-12-19 11:08:01.522166,187,423010789,-836986116,110,1513,265,190,450
2022-12-19 11:08:01.627405,187,423010834,-836986128,111,1618,257,190,450
2022-12-19 11:08:01.712306,187,423010870,-836986116,112,1703,254,190,450
2022-12-19 11:08:01.821936,187,423010915,-836986128,113,1812,254,190,450
2022-12-19 11:08:01.921006,187,423010970,-836986128,114,1912,256,190,450
2022-12-19 11:08:02.019289,187,423011024,-836986140,115,2008,259,190,450
2022-12-19 11:08:02.119498,187,423011060,-836986128,116,2110,255,190,450
2022-12-19 11:08:02.220090,187,423011087,-836986128,117,2211,247,190,450
2022-12-19 11:08:02.335607,187,423011141,-836986128,118,2326,255,190,450
2022-12-19 11:08:02.419618,187,423011204,-836986140,119,2410,258,190,450
2022-12-19 11:08:02.522523,187,423011240,-836986128,120,2510,260,190,450
2022-12-19 11:08:02.612396,187,423011303,-836986140,121,2603,257,190,450
2022-12-19 11:08:02.731098,187,423011310,-836986243,122,2721,257,190,450
2022-12-19 11:08:02.819162,187,423011355,-836986219,123,2810,254,190,450
2022-12-19 11:08:02.918630,187,423011373,-836986207,124,2910,231,190,450
2022-12-19 11:08:03.026555,187,423011436,-836986207,125,3018,255,190,450
2022-12-19 11:08:03.119270,187,423011472,-836986195,126,3110,244,190,450
2022-12-19 11:08:03.225786,187,423011508,-836986170,127,3216,238,190,450
2022-12-19 11:08:03.326301,187,423011553,-836986158,0,3317,240,190,450
2022-12-19 11:08:03.423831,187,423011598,-836986158,1,3414,237,190,450
2022-12-19 11:08:03.529819,187,423011634,-836986158,2,3519,236,190,450
2022-12-19 11:08:03.628314,187,423011670,-836986170,3,3619,227,190,450
2022-12-19 11:08:03.729751,187,423011715,-836986170,4,3720,226,190,450
2022-12-19 11:08:03.835091,187,423011769,-836986170,5,3826,236,190,450
2022-12-19 11:08:03.935790,187,423011814,-836986170,6,3926,240,190,450
2022-12-19 11:08:04.025425,187,423011868,-836986170,7,4016,246,190,450
2022-12-19 11:08:04.124194,187,423011904,-836986170,8,4113,247,190,450
2022-12-19 11:08:04.226281,187,423011949,-836986170,9,4217,248,190,450
2022-12-19 11:08:04.325473,187,423012012,-836986158,10,4316,259,190,450
2022-12-19 11:08:04.422242,187,423012057,-836986158,11,4413,257,190,450
2022-12-19 11:08:04.540127,187,423012102,-836986146,12,4531,257,190,450
2022-12-19 11:08:04.625939,187,423012138,-836986170,13,4617,256,190,450
2022-12-19 11:08:04.723677,187,423012192,-836986158,14,4714,256,190,450
2022-12-19 11:08:04.830642,187,423012264,-836986158,15,4821,277,190,450
2022-12-19 11:08:04.921530,187,423012309,-836986146,16,4911,269,190,450
2022-12-19 11:08:05.029468,187,423012381,-836986146,17,5019,287,190,450
2022-12-19 11:08:05.121470,187,423012426,-836986134,18,5111,276,190,450
2022-12-19 11:08:05.223248,187,423012462,-836986134,19,5214,264,190,450
2022-12-19 11:08:05.332492,187,423012471,-836986158,20,5323,251,190,450
2022-12-19 11:08:05.431454,187,423012534,-836986146,21,5422,254,190,450
2022-12-19 11:08:05.530374,187,423012588,-836986134,22,5520,259,190,450
2022-12-19 11:08:05.626609,187,423012642,-836986122,23,5617,266,190,450
2022-12-19 11:08:05.727223,187,423012687,-836986122,24,5718,267,190,450
2022-12-19 11:08:05.826491,187,423012741,-836986098,25,5817,262,190,450
2022-12-19 11:08:05.922395,187,423012786,-836986110,26,5913,256,190,450
2022-12-19 11:08:06.036620,187,423012821,-836986110,27,6027,259,190,450
2022-12-19 11:08:06.129499,187,423012893,-836986085,28,6120,267,190,450
2022-12-19 11:08:06.230341,187,423012938,-836986098,29,6221,269,190,450
2022-12-19 11:08:06.327540,187,423012974,-836986085,30,6318,266,190,450
2022-12-19 11:08:06.446193,187,423013055,-836986073,31,6437,275,190,450
2022-12-19 11:08:06.522560,187,423013064,-836986098,32,6513,264,190,450
2022-12-19 11:08:06.629399,187,423013136,-836986073,33,6620,278,190,450
2022-12-19 11:08:06.747129,187,423013181,-836986073,34,6737,270,190,450
2022-12-19 11:08:06.835975,187,423013253,-836986037,35,6827,287,190,450
2022-12-19 11:08:06.927472,187,423013298,-836986025,36,6918,281,190,450
2022-12-19 11:08:07.021090,187,423013352,-836986025,37,7012,289,190,450
2022-12-19 11:08:07.135227,187,423013388,-836986000,38,7126,277,190,450
2022-12-19 11:08:07.224349,187,423013424,-836985988,39,7214,265,190,450
2022-12-19 11:08:07.335276,187,423013505,-836985940,40,7326,257,190,450
2022-12-19 11:08:07.440847,187,423013550,-836985928,41,7429,253,190,450
2022-12-19 11:08:07.531312,187,423013559,-836985928,42,7522,248,190,450
2022-12-19 11:08:07.635821,187,423013604,-836985916,43,7626,244,190,450
2022-12-19 11:08:07.734190,187,423013613,-836985928,44,7723,229,190,450
2022-12-19 11:08:07.828482,187,423013658,-836985903,45,7819,233,190,450
2022-12-19 11:08:07.922412,187,423013703,-836985879,46,7913,237,190,450
2022-12-19 11:08:08.031994,187,423013748,-836985855,47,8022,242,190,450
2022-12-19 11:08:08.131185,187,423013793,-836985819,48,8122,245,190,450
2022-12-19 11:08:08.231650,187,423013883,-836985758,49,8222,276,190,450
2022-12-19 11:08:08.342537,187,423013928,-836985734,50,8333,284,190,450
2022-12-19 11:08:08.434703,187,423013973,-836985697,51,8425,288,190,450
2022-12-19 11:08:08.529899,187,423014027,-836985673,52,8520,277,190,450
2022-12-19 11:08:08.639588,187,423014072,-836985637,53,8630,284,190,450
2022-12-19 11:08:08.737655,187,423014126,-836985600,54,8728,306,190,450
2022-12-19 11:08:08.834314,187,423014180,-836985564,55,8825,306,190,450
2022-12-19 11:08:08.939680,187,423014234,-836985527,56,8929,290,190,450
2022-12-19 11:08:09.036185,187,423014288,-836985491,57,9026,312,190,450
2022-12-19 11:08:09.145179,187,423014351,-836985455,58,9135,313,190,450
2022-12-19 11:08:09.235462,187,423014405,-836985418,59,9226,298,190,450
2022-12-19 11:08:09.343228,187,423014405,-836985418,60,9334,274,190,450
2022-12-19 11:08:09.445883,187,423014468,-836985382,61,9435,259,190,450
2022-12-19 11:08:09.539325,187,423014459,-836985370,62,9530,236,190,450
2022-12-19 11:08:09.635913,187,423014459,-836985370,63,9626,227,190,450
2022-12-19 11:08:09.729692,187,423014522,-836985333,64,9720,242,190,450
2022-12-19 11:08:09.833345,187,423014585,-836985285,65,9823,259,190,450
2022-12-19 11:08:22.060248,189,423014207,-836987201,78,22051,167,190,450
2022-12-19 11:08:22.158189,189,423014180,-836987177,79,22149,163,190,450
2022-12-19 11:08:22.271371,189,423014162,-836987153,80,22261,160,190,450
2022-12-19 11:08:22.366681,189,423014144,-836987116,81,22357,170,190,450
2022-12-19 11:08:22.457469,189,423014126,-836987092,82,22447,162,190,450
2022-12-19 11:08:22.564514,189,423014063,-836987080,83,22555,166,190,450
2022-12-19 11:08:22.663410,189,423014045,-836987056,84,22654,167,190,450
2022-12-19 11:08:22.768138,189,423014027,-836987032,85,22759,179,190,450
2022-12-19 11:08:22.858778,189,423013964,-836987019,86,22850,182,190,450
2022-12-19 11:08:22.967275,189,423013946,-836986995,87,22959,191,190,450
2022-12-19 11:08:23.060053,189,423013892,-836986995,88,23051,200,190,450
2022-12-19 11:08:23.163041,189,423013838,-836986995,89,23154,200,190,450
2022-12-19 11:08:23.266642,189,423013829,-836986983,90,23257,183,190,450
2022-12-19 11:08:23.365797,189,423013820,-836986959,91,23356,181,190,450
2022-12-19 11:08:23.465512,189,423013757,-836986959,92,23455,187,190,450
2022-12-19 11:08:23.563935,189,423013694,-836986935,93,23555,203,190,450
2022-12-19 11:08:23.664638,189,423013676,-836986910,94,23655,208,190,450
2022-12-19 11:08:23.764130,189,423013613,-836986886,95,23755,219,190,450
2022-12-19 11:08:23.977537,189,423013559,-836986874,97,23968,200,190,450
2022-12-19 11:08:24.063439,189,423013505,-836986862,98,24053,208,190,450
2022-12-19 11:08:24.166740,189,423013469,-836986874,99,24157,201,190,450
2022-12-19 11:08:24.264364,189,423013451,-836986850,100,24255,207,190,450
2022-12-19 11:08:24.364422,189,423013406,-836986850,101,24352,199,190,450
2022-12-19 11:08:24.454566,189,423013361,-836986837,102,24445,202,190,450
2022-12-19 11:08:24.573941,189,423013352,-836986825,103,24564,191,190,450
2022-12-19 11:08:24.658179,189,423013343,-836986813,104,24647,179,190,450
2022-12-19 11:08:24.767492,189,423013298,-836986813,105,24757,178,190,450
2022-12-19 11:08:24.868806,189,423013253,-836986813,106,24859,189,190,450
2022-12-19 11:08:24.970488,189,423013217,-836986813,107,24961,197,190,450
2022-12-19 11:08:25.070445,189,423013145,-836986825,108,25061,204,190,450
2022-12-19 11:08:25.169975,189,423013109,-836986825,109,25160,211,190,450
2022-12-19 11:08:25.261815,189,423013046,-836986837,110,25252,225,190,450
2022-12-19 11:08:25.362936,189,423012992,-836986813,111,25353,241,190,450
2022-12-19 11:08:25.464879,189,423012956,-836986813,112,25455,237,190,450
2022-12-19 11:08:25.564887,189,423012893,-836986813,113,25555,240,190,450
2022-12-19 11:08:25.668270,189,423012857,-836986801,114,25659,243,190,450
2022-12-19 11:08:25.768070,189,423012821,-836986801,115,25758,240,190,450
2022-12-19 11:08:25.868760,189,423012768,-836986813,116,25860,245,190,450
2022-12-19 11:08:25.974017,189,423012732,-836986801,117,25964,245,190,450
2022-12-19 11:08:26.067524,189,423012669,-836986801,118,26058,249,190,450
2022-12-19 11:08:26.166410,189,423012651,-836986813,119,26157,235,190,450
2022-12-19 11:08:26.271884,189,423012588,-836986813,120,26261,244,190,450
2022-12-19 11:08:26.381867,189,423012570,-836986813,121,26368,232,190,450
2022-12-19 11:08:26.473063,189,423012516,-836986825,122,26461,233,190,450
2022-12-19 11:08:26.567762,189,423012507,-836986813,123,26557,216,190,450
2022-12-19 11:08:26.666569,189,423012453,-836986813,124,26657,223,190,450
2022-12-19 11:08:26.764825,189,423012435,-836986813,125,26755,211,190,450
2022-12-19 11:08:26.865704,189,423012381,-836986813,126,26855,209,190,450
2022-12-19 11:08:26.974882,189,423012345,-836986825,127,26966,220,190,450
2022-12-19 11:08:27.061016,189,423012255,-836986825,0,27051,250,190,450
2022-12-19 11:08:27.169021,189,423012201,-836986813,1,27159,260,190,450
2022-12-19 11:08:27.270818,189,423012147,-836986825,2,27261,271,190,450
2022-12-19 11:08:27.374169,189,423012093,-836986825,3,27364,275,190,450
2022-12-19 11:08:27.468901,189,423012039,-836986825,4,27460,279,190,450
2022-12-19 11:08:27.570482,189,423011967,-836986850,5,27560,284,190,450
2022-12-19 11:08:27.668299,189,423011922,-836986850,6,27659,280,190,450
2022-12-19 11:08:27.772964,189,423011877,-836986862,7,27764,278,190,450
2022-12-19 11:08:27.872398,189,423011841,-836986850,8,27862,270,190,450
2022-12-19 11:08:27.978668,189,423011832,-836986862,9,27969,241,190,450
2022-12-19 11:08:28.070134,189,423011760,-836986874,10,28060,257,190,450
2022-12-19 11:08:28.174800,189,423011733,-836986874,11,28160,242,190,450
2022-12-19 11:08:28.267664,189,423011688,-836986874,12,28256,243,190,450
2022-12-19 11:08:28.387050,189,423011670,-836986874,13,28374,222,190,450
2022-12-19 11:08:28.478209,189,423011625,-836986874,14,28468,230,190,450
2022-12-19 11:08:28.573702,189,423011607,-836986886,15,28564,212,190,450
2022-12-19 11:08:28.670605,189,423011535,-836986898,16,28661,234,190,450
2022-12-19 11:08:28.771851,189,423011517,-836986898,17,28762,221,190,450
2022-12-19 11:08:28.880242,189,423011472,-836986898,18,28871,222,190,450
2022-12-19 11:08:28.974264,189,423011445,-836986898,19,28964,207,190,450
2022-12-19 11:08:29.082276,189,423011418,-836986910,20,29065,201,190,450
2022-12-19 11:08:29.177184,189,423011409,-836986910,21,29168,183,190,450
2022-12-19 11:08:29.266115,189,423011382,-836986910,22,29256,172,190,450
2022-12-19 11:08:29.384023,189,423011373,-836986910,23,29374,157,190,450
2022-12-19 11:08:29.478116,189,423011364,-836986898,24,29467,140,190,450
2022-12-19 11:08:29.582502,189,423011346,-836986910,25,29572,137,190,450
2022-12-19 11:08:29.681666,189,423011337,-836986910,26,29672,122,190,450
2022-12-19 11:08:29.772359,189,423011328,-836986910,27,29763,108,190,450
2022-12-19 11:08:29.870090,189,423011319,-836986910,28,29860,99,190,450
2022-12-19 11:08:29.979902,189,423011328,-836986910,29,29970,83,190,450
2022-12-19 11:08:30.072824,189,423011319,-836986898,30,30061,75,190,450
2022-12-19 11:08:30.170997,189,423011319,-836986898,31,30162,63,190,450
2022-12-19 11:08:30.279540,189,423011301,-836986910,32,30270,73,190,450
2022-12-19 11:08:30.375161,189,423011283,-836986922,33,30365,70,190,450
2022-12-19 11:08:30.468215,189,423011283,-836986910,34,30458,65,190,450
2022-12-19 11:08:30.580028,189,423011274,-836986910,35,30569,58,190,450
2022-12-19 11:08:30.669837,189,423011274,-836986898,36,30660,60,190,450
2022-12-19 11:08:30.780671,189,423011256,-836986910,37,30771,57,190,450
2022-12-19 11:08:30.873562,189,423011256,-836986898,38,30863,54,190,450
2022-12-19 11:08:30.978681,189,423011238,-836986910,39,30969,51,190,450
2022-12-19 11:08:31.073826,189,423011238,-836986898,40,31064,0,190,450
2022-12-19 11:08:31.174460,189,423011238,-836986898,41,31164,0,190,450
2022-12-19 11:08:31.274592,189,423011247,-836986886,42,31265,0,190,450
2022-12-19 11:08:31.378131,189,423011229,-836986898,43,31369,0,190,450
2022-12-19 11:08:31.468316,189,423011211,-836986910,44,31458,0,190,450
2022-12-19 11:08:31.578604,189,423011202,-836986922,45,31567,0,190,450
2022-12-19 11:08:31.675723,189,423011202,-836986910,46,31663,0,190,450
2022-12-19 11:08:31.767055,189,423011193,-836986922,47,31757,0,190,450
2022-12-19 11:08:31.878156,189,423011175,-836986922,48,31869,0,190,450
2022-12-19 11:08:32.000943,189,423011175,-836986922,49,31991,0,190,450
2022-12-19 11:08:32.172354,189,423011166,-836986910,50,32162,0,190,450
2022-12-19 11:08:32.287867,189,423011148,-836986922,51,32278,0,190,450
2022-12-19 11:08:32.382221,189,423011139,-836986910,52,32373,0,190,450
2022-12-19 11:08:32.480074,189,423011130,-836986898,53,32470,0,190,450
2022-12-19 11:08:32.579654,189,423011112,-836986910,54,32570,56,190,450
2022-12-19 11:08:32.687881,189,423011103,-836986910,55,32678,52,190,450
2022-12-19 11:08:32.774958,189,423011094,-836986910,56,32766,54,190,450
2022-12-19 11:08:32.886101,189,423011067,-836986922,57,32876,64,190,450
2022-12-19 11:08:32.989713,189,423011049,-836986935,58,32979,79,190,450
2022-12-19 11:08:33.091606,189,423011031,-836986935,59,33080,78,190,450
2022-12-19 11:08:33.177976,189,423011022,-836986922,60,33168,75,190,450
2022-12-19 11:08:33.286575,189,423011004,-836986922,61,33278,77,190,450
2022-12-19 11:08:33.392297,189,423010995,-836986922,62,33382,77,190,450
2022-12-19 11:08:33.492113,189,423010977,-836986922,63,33482,77,190,450
2022-12-19 11:08:33.580871,189,423010968,-836986922,64,33571,77,190,450
2022-12-19 11:08:33.680718,189,423010950,-836986922,65,33671,77,190,450
2022-12-19 11:08:33.785001,189,423010932,-836986922,66,33775,77,190,450
2022-12-19 11:08:33.886830,189,423011024,-836986869,67,33877,77,190,450
2022-12-19 11:08:33.983084,189,423010988,-836986869,68,33973,87,190,450
2022-12-19 11:08:34.095040,189,423010988,-836986869,69,34077,85,190,450
2022-12-19 11:08:34.199373,189,423010979,-836986893,70,34187,91,190,450
2022-12-19 11:08:34.279862,189,423010943,-836986893,71,34270,101,190,450
2022-12-19 11:08:34.377834,189,423010906,-836986881,72,34369,112,190,450
2022-12-19 11:08:34.482440,189,423010852,-836986856,73,34473,124,190,450
2022-12-19 11:08:34.587757,189,423010816,-836986856,74,34577,127,190,450
2022-12-19 11:08:34.683554,189,423010780,-836986856,75,34674,132,190,450
2022-12-19 11:08:34.814961,189,423010753,-836986856,76,34805,139,190,450
2022-12-19 11:08:34.890555,189,423010717,-836986844,77,34880,145,190,450
2022-12-19 11:08:34.988128,189,423010681,-836986856,78,34976,164,190,450
2022-12-19 11:08:35.096396,189,423010654,-836986856,79,35085,165,190,450
2022-12-19 11:08:35.189742,189,423010618,-836986856,80,35180,167,190,450
2022-12-19 11:08:35.291689,189,423010582,-836986856,81,35283,169,190,450
2022-12-19 11:08:35.390323,189,423010555,-836986856,82,35380,163,190,450
2022-12-19 11:08:35.486824,189,423010519,-836986856,83,35477,168,190,450
2022-12-19 11:08:35.579163,189,423010492,-836986856,84,35570,171,190,450
2022-12-19 11:08:35.692103,189,423010456,-836986869,85,35682,173,190,450
2022-12-19 11:08:35.804394,189,423010429,-836986869,86,35794,168,190,450
2022-12-19 11:08:35.887347,189,423010393,-836986869,87,35877,172,190,450
2022-12-19 11:08:35.980345,189,423010357,-836986881,88,35971,178,190,450
2022-12-19 11:08:36.079948,189,423010312,-836986869,89,36070,180,190,450
2022-12-19 11:08:36.184873,189,423010276,-836986869,90,36175,181,190,450
2022-12-19 11:08:36.289852,189,423010239,-836986881,91,36278,188,190,450
2022-12-19 11:08:36.384731,189,423010194,-836986869,92,36375,191,190,450
2022-12-19 11:08:36.487637,189,423010149,-836986869,93,36478,200,190,450
2022-12-19 11:08:36.585639,189,423010113,-836986869,94,36576,202,190,450
2022-12-19 11:08:36.684664,189,423010077,-836986881,95,36675,203,190,450
2022-12-19 11:08:36.794975,189,423010032,-836986881,96,36786,208,190,450
2022-12-19 11:08:36.887218,189,423009987,-836986869,97,36877,207,190,450
2022-12-19 11:08:36.990191,189,423009951,-836986881,98,36979,210,190,450
2022-12-19 11:08:37.089168,189,423009906,-836986881,99,37080,216,190,450
2022-12-19 11:08:37.192687,189,423009861,-836986881,100,37183,217,190,450
2022-12-19 11:08:37.291041,189,423009816,-836986881,101,37282,223,190,450
2022-12-19 11:08:37.389170,189,423009762,-836986856,102,37379,229,190,450
2022-12-19 11:08:37.501568,189,423009717,-836986869,103,37490,229,190,450
2022-12-19 11:08:37.590951,189,423009672,-836986869,104,37581,230,190,450
2022-12-19 11:08:37.693483,189,423009636,-836986869,105,37682,229,190,450
2022-12-19 11:08:37.796025,189,423009591,-836986881,106,37787,238,190,450
2022-12-19 11:08:37.890917,189,423009545,-836986869,107,37881,232,190,450
2022-12-19 11:08:37.988203,189,423009500,-836986881,108,37978,231,190,450
2022-12-19 11:08:38.090312,189,423009464,-836986881,109,38078,230,190,450
2022-12-19 11:08:38.196283,189,423009410,-836986881,110,38187,236,190,450
2022-12-19 11:08:38.297561,189,423009374,-836986881,111,38287,236,190,450
2022-12-19 11:08:38.409654,189,423009320,-836986881,112,38399,239,190,450
2022-12-19 11:08:38.496578,189,423009275,-836986881,113,38487,244,190,450
2022-12-19 11:08:38.595898,189,423009221,-836986881,114,38586,245,190,450
2022-12-19 11:08:38.690502,189,423009176,-836986869,115,38681,246,190,450
2022-12-19 11:08:38.796048,189,423009122,-836986869,116,38786,255,190,450
2022-12-19 11:08:38.892880,189,423009077,-836986869,117,38883,253,190,450
2022-12-19 11:08:38.993930,189,423009023,-836986856,118,38984,254,190,450
2022-12-19 11:08:39.106688,189,423008969,-836986869,119,39089,257,190,450
2022-12-19 11:08:39.203851,189,423008924,-836986856,120,39194,256,190,450
2022-12-19 11:08:39.303933,189,423008878,-836986844,121,39295,255,190,450
2022-12-19 11:08:39.392178,189,423008824,-836986832,122,39383,260,190,450
2022-12-19 11:08:39.497661,189,423008770,-836986832,123,39488,261,190,450
2022-12-19 11:08:39.593747,189,423008725,-836986832,124,39584,261,190,450
2022-12-19 11:08:39.697627,189,423008662,-836986832,125,39688,273,190,450
2022-12-19 11:08:39.791967,189,423008617,-836986832,126,39782,267,190,450
2022-12-19 11:08:39.894870,189,423008563,-836986832,127,39885,264,190,450
2022-12-19 11:08:39.989127,189,423008518,-836986832,0,39979,264,190,450
2022-12-19 11:08:40.099605,189,423008473,-836986832,1,40090,262,190,450
2022-12-19 11:08:40.195000,189,423008428,-836986832,2,40185,259,190,450
2022-12-19 11:08:40.293923,189,423008365,-836986808,3,40283,267,190,450
2022-12-19 11:08:40.402203,189,423008329,-836986796,4,40393,257,190,450
2022-12-19 11:08:40.498147,189,423008340,-836986771,5,40488,257,190,450
2022-12-19 11:08:40.609891,189,423008286,-836986807,6,40599,256,190,450
2022-12-19 11:08:40.696336,189,423008277,-836986831,7,40685,228,190,450
2022-12-19 11:08:40.791925,189,423008241,-836986868,8,40782,226,190,450
2022-12-19 11:08:40.901681,189,423008187,-836986892,9,40891,234,190,450
2022-12-19 11:08:40.999588,189,423008142,-836986916,10,40990,239,190,450
2022-12-19 11:08:41.090991,189,423008097,-836986928,11,41081,245,190,450
2022-12-19 11:08:41.199235,189,423008043,-836986941,12,41189,253,190,450
2022-12-19 11:08:41.292953,189,423007998,-836986941,13,41284,253,190,450
2022-12-19 11:08:41.391875,189,423007908,-836986928,14,41382,284,190,450
2022-12-19 11:08:41.496887,189,423007872,-836986916,15,41486,273,190,450
2022-12-19 11:08:41.620108,189,423007800,-836986928,16,41610,287,190,450
2022-12-19 11:08:41.832156,189,423007719,-836986928,17,41822,267,190,450
2022-12-19 11:08:41.906422,189,423007683,-836986928,18,41897,257,190,450
2022-12-19 11:08:41.996942,189,423007638,-836986928,19,41984,256,190,450
2022-12-19 11:08:42.094629,189,423007566,-836986916,20,42085,279,190,450
2022-12-19 11:08:42.200047,189,423007521,-836986916,21,42190,268,190,450
2022-12-19 11:08:42.308812,189,423007485,-836986916,22,42299,263,190,450
2022-12-19 11:08:42.404631,189,423007395,-836986928,23,42393,300,190,450
2022-12-19 11:08:42.503106,189,423007332,-836986928,24,42493,310,190,450
2022-12-19 11:08:42.602856,189,423007251,-836986953,25,42591,315,190,450
2022-12-19 11:08:42.703739,189,423007215,-836986928,26,42694,308,190,450
2022-12-19 11:08:42.812703,189,423007188,-836986928,27,42803,278,190,450
2022-12-19 11:08:42.906867,189,423007143,-836986928,28,42897,281,190,450
2022-12-19 11:08:43.007588,189,423007107,-836986916,29,42998,259,190,450
2022-12-19 11:08:43.097924,189,423007053,-836986916,30,43088,274,190,450
2022-12-19 11:08:43.199035,189,423007017,-836986916,31,43189,262,190,450
2022-12-19 11:08:43.307898,189,423006918,-836986941,32,43298,300,190,450
2022-12-19 11:08:43.410396,189,423006864,-836986941,33,43401,306,190,450
2022-12-19 11:08:43.511729,189,423006801,-836986941,34,43501,310,190,450
2022-12-19 11:08:43.599939,189,423006738,-836986941,35,43589,312,190,450
2022-12-19 11:08:43.710554,189,423006684,-836986941,36,43701,304,190,450
2022-12-19 11:08:43.823710,189,423006675,-836986928,37,43813,276,190,450
2022-12-19 11:08:43.910815,189,423006612,-836986941,38,43901,285,190,450
2022-12-19 11:08:44.008940,189,423006585,-836986941,39,43999,269,190,450
2022-12-19 11:08:44.122505,189,423006513,-836986941,40,44113,283,190,450
2022-12-19 11:08:44.413090,189,423006333,-836986941,41,44403,298,190,450
2022-12-19 11:08:44.504281,189,423006288,-836986928,42,44495,299,190,450
2022-12-19 11:08:44.618103,189,423006216,-836986941,43,44608,303,190,450
2022-12-19 11:08:44.707915,189,423006171,-836986928,44,44697,303,190,450
2022-12-19 11:08:44.802906,189,423006099,-836986941,45,44793,317,190,450
2022-12-19 11:08:44.904734,189,423006027,-836986965,46,44894,321,190,450
2022-12-19 11:08:45.015063,189,423005991,-836986965,47,45005,305,190,450
2022-12-19 11:08:45.099502,189,423005937,-836986965,48,45090,306,190,450
2022-12-19 11:08:45.304404,189,423005829,-836986953,49,45295,303,190,450
2022-12-19 11:08:45.406729,189,423005775,-836986941,50,45397,301,190,450
2022-12-19 11:08:45.506629,189,423005730,-836986941,51,45497,297,190,450
2022-12-19 11:08:45.613104,189,423005676,-836986941,52,45603,302,190,450
2022-12-19 11:08:45.710187,189,423005622,-836986928,53,45700,297,190,450
2022-12-19 11:08:45.806968,189,423005568,-836986941,54,45797,290,190,450
2022-12-19 11:08:45.910083,189,423005514,-836986941,55,45900,285,190,450
2022-12-19 11:08:46.008674,189,423005514,-836986928,56,45998,266,190,450
2022-12-19 11:08:46.108890,189,423005451,-836986916,57,46099,273,190,450
2022-12-19 11:08:46.211975,189,423005397,-836986916,58,46203,278,190,450
2022-12-19 11:08:46.304976,189,423005334,-836986916,59,46296,294,190,450
2022-12-19 11:08:46.410811,189,423005235,-836986953,60,46401,306,190,450
2022-12-19 11:08:46.514487,189,423005181,-836986953,61,46504,302,190,450
2022-12-19 11:08:46.608381,189,423005163,-836986928,62,46597,302,190,450
2022-12-19 11:08:46.711260,189,423005055,-836986953,63,46701,317,190,450
2022-12-19 11:08:46.805349,189,423004992,-836986965,64,46795,325,190,450
2022-12-19 11:08:46.905653,189,423004929,-836986965,65,46896,334,190,450
2022-12-19 11:08:47.006277,189,423004875,-836986989,66,46997,323,190,450
2022-12-19 11:08:47.109112,189,423004794,-836986977,67,47099,338,190,450
2022-12-19 11:08:47.205712,189,423004731,-836986989,68,47195,330,190,450
2022-12-19 11:08:47.311678,189,423004713,-836986965,69,47303,331,190,450
2022-12-19 11:08:47.414435,189,423004650,-836986977,70,47405,316,190,450
2022-12-19 11:08:47.516946,189,423004623,-836986941,71,47507,297,190,450
2022-12-19 11:08:47.599619,189,423004551,-836986953,72,47590,301,190,450
2022-12-19 11:08:47.716772,189,423004479,-836986965,73,47705,308,190,450
2022-12-19 11:08:47.805960,189,423004461,-836986941,74,47796,302,190,450
2022-12-19 11:08:47.914004,189,423004389,-836986953,75,47904,302,190,450
2022-12-19 11:08:48.009107,189,423004317,-836986965,76,48000,312,190,450
